Workbook

Sheet REKAP PEMBELIAN + BAST
A1: REKAP PEMBELIAN PERANGKAT IT
J2: 2024,2025,2026
A3: NO | B3: PERANGKAT | C3: JUMLAH | D3: SATUAN | E3: TYPE UNIT | F3: BULAN | G3: TAHUN | H3: TANGGAL BAST | J3: TOTAL PERANGKAT | K3: JUMLAH | L3: SATUAN
A4: 1 | B4: RAM PC DDR3 | C4: 25 | D4: UNIT | F4: MEI | G4: 2024 | H4: 45442 | J4: RAM PC DDR3 | K4: =SUMIF($B$4:$B$106,J4,$C$4:$C$106) -> 55 | L4: UNIT
A5: =A4+1 -> 2 | B5: FAN PROSESSOR INTEL (HEADSINK) | C5: 30 | D5: UNIT | F5: MEI | G5: 2024 | H5: 45442 | J5: FAN PROSESSOR INTEL (HEADSINK) | K5: =SUMIF($B$4:$B$106,J5,$C$4:$C$106) -> 135 | L5: UNIT
A6: =A5+1 -> 3 | B6: SSD SATA 120GB | C6: 50 | D6: UNIT | F6: MEI | G6: 2024 | H6: 45442 | J6: SSD SATA 120GB | K6: =SUMIF($B$4:$B$106,J6,$C$4:$C$106) -> 100 | L6: UNIT
A7: =A6+1 -> 4 | B7: RAM PC DDR3 | C7: 30 | D7: UNIT | F7: JUNI | G7: 2024 | H7: 45471 | J7: RAM PC DDR4 | K7: =SUMIF($B$4:$B$106,J7,$C$4:$C$106) -> 5 | L7: UNIT
A8: =A7+1 -> 5 | B8: RAM PC DDR4 | C8: 5 | D8: UNIT | F8: JUNI | G8: 2024 | H8: 45471 | J8: SSD SATA 128GB | K8: =SUMIF($B$4:$B$106,J8,$C$4:$C$106) -> 350 | L8: UNIT
A9: =A8+1 -> 6 | B9: SSD SATA 128GB | C9: 50 | D9: UNIT | F9: JUNI | G9: 2024 | H9: 45471 | J9: PSU 500W ATX | K9: =SUMIF($B$4:$B$106,J9,$C$4:$C$106) -> 130 | L9: UNIT
A10: =A9+1 -> 7 | B10: FAN PROSESSOR INTEL (HEADSINK) | C10: 50 | D10: UNIT | F10: JUNI | G10: 2024 | H10: 45471 | J10: MOUSE | K10: =SUMIF($B$4:$B$106,J10,$C$4:$C$106) -> 425 | L10: UNIT
A11: =A10+1 -> 8 | B11: PSU 500W ATX | C11: 20 | D11: UNIT | F11: JUNI | G11: 2024 | H11: 45471 | J11: HEADSET | K11: =SUMIF($B$4:$B$106,J11,$C$4:$C$106) -> 315 | L11: UNIT
A12: =A11+1 -> 9 | B12: MOUSE | C12: 25 | D12: UNIT | F12: JULI | G12: 2024 | H12: 45492 | J12: KABEL VGA | K12: =SUMIF($B$4:$B$106,J12,$C$4:$C$106) -> 75 | L12: UNIT
A13: =A12+1 -> 10 | B13: HEADSET | C13: 25 | D13: UNIT | F13: JULI | G13: 2024 | H13: 45492 | J13: HDD HARDDISK INTERNAL 3.5" | K13: =SUMIF($B$4:$B$106,J13,$C$4:$C$106) -> 5 | L13: UNIT
A14: =A13+1 -> 11 | B14: KABEL VGA | C14: 30 | D14: UNIT | F14: JULI | G14: 2024 | H14: 45492 | J14: LAN CARD PCI EXPRESS GIGABIT NETWORK ADAPTER | K14: =SUMIF($B$4:$B$106,J14,$C$4:$C$106) -> 3 | L14: UNIT
A15: =A14+1 -> 12 | B15: PSU 500W ATX | C15: 30 | D15: UNIT | F15: JULI | G15: 2024 | H15: 45492 | J15: CRIMPING TOOLS TANG RJ45 + KABEL LAN TESTER | K15: =SUMIF($B$4:$B$106,J15,$C$4:$C$106) -> 2 | L15: UNIT
A16: =A15+1 -> 13 | B16: HDD HARDDISK INTERNAL 3.5" | C16: 1 | D16: UNIT | F16: JULI | G16: 2024 | H16: 45492 | J16: KEYBOARD | K16: =SUMIF($B$4:$B$106,J16,$C$4:$C$106) -> 425 | L16: UNIT
... A25: =A24+1 -> 22 | B25: UTP CAT 5 | C25: 1 | D25: ROLL | F25: SEPTEMBER | G25: 2024 | H25: 45558 | J25: CPU | K25: =SUMIF($B$4:$B$106,J25,$C$4:$C$106) -> 275 | L25: UNIT
A26: =A25+1 -> 23 | B26: CCTV | C26: 4 | D26: UNIT | E26: DS-2CD1143G0E-I | F26: OKTOBER | G26: 2024 | H26: 45587 | K26: =SUM(K4:K25) -> 2599
A27: =A26+1 -> 24 | B27: HDD HARDDISK INTERNAL 3.5" | C27: 3 | D27: UNIT | F27: OKTOBER | G27: 2024 | H27: 45587
A28: =A27+1 -> 25 | B28: CCTV | C28: 1 | D28: UNIT | E28: DS-2CD2955FWD-I(S) | F28: OKTOBER | G28: 2024 | H28: 45587 | J28: 2026
A29: =A28+1 -> 26 | B29: NVR | C29: 1 | D29: UNIT | E29: DS-7604NI-E1/4P | F29: OKTOBER | G29: 2024 | H29: 45587 | J29: TOTAL PERANGKAT | K29: JUMLAH | L29: SATUAN
A30: =A29+1 -> 27 | B30: HDD HARDDISK INTERNAL 3.5" | C30: 1 | D30: UNIT | F30: OKTOBER | G30: 2024 | H30: 45587 | J30: MOUSE | K30: =SUMIF($B$64:$B$106,J30,$C$64:$C$106) -> 250 | L30: UNIT
A31: =A30+1 -> 28 | B31: POWER ADAPTOR LENOVO | C31: 1 | D31: UNIT | F31: NOVEMBER | G31: 2024 | H31: 45608 | J31: HEADSET | K31: =SUMIF($B$64:$B$106,J31,$C$64:$C$106) -> 155 | L31: UNIT
A32: =A31+1 -> 29 | B32: MOUSE | C32: 50 | D32: UNIT | F32: FEBRUARI | G32: 2025 | H32: 45709 | J32: KEYBOARD | K32: =SUMIF($B$64:$B$106,J32,$C$64:$C$106) -> 250 | L32: UNIT
A33: =A32+1 -> 30 | B33: HEADSET | C33: 50 | D33: UNIT | F33: FEBRUARI | G33: 2025 | H33: 45709 | J33: MONITOR | K33: =SUMIF($B$64:$B$106,J33,$C$64:$C$106) -> 175 | L33: UNIT
A34: =A33+1 -> 31 | B34: SSD SATA 128GB | C34: 50 | D34: UNIT | F34: FEBRUARI | G34: 2025 | H34: 45709 | J34: CPU | K34: =SUMIF($B$64:$B$106,J34,$C$64:$C$106) -> 175 | L34: UNIT
A35: =A34+1 -> 32 | B35: FAN PROSESSOR INTEL (HEADSINK) | C35: 30 | D35: UNIT | F35: FEBRUARI | G35: 2025 | H35: 45709 | K35: =SUM(K30:K34) -> 1005
A36: =A35+1 -> 33 | B36: UTP CAT 5 | C36: 1 | D36: ROLL | F36: MEI | G36: 2025 | H36: 45784
A37: =A36+1 -> 34 | B37: KEYBOARD | C37: 15 | D37: UNIT | F37: MEI | G37: 2025 | H37: 45784
A38: =A37+1 -> 35 | B38: PSU 500W ATX | C38: 20 | D38: UNIT | F38: MEI | G38: 2025 | H38: 45784
A39: =A38+1 -> 36 | B39: ADAPTOR MONITOR LG | C39: 8 | D39: UNIT | F39: MEI | G39: 2025 | H39: 45784
A40: =A39+1 -> 37 | B40: KABEL VGA | C40: 15 | D40: UNIT | F40: MEI | G40: 2025 | H40: 45784
A41: =A40+1 -> 38 | B41: SSD SATA 128GB | C41: 25 | D41: UNIT | F41: MEI | G41: 2025 | H41: 45787
A42: =A41+1 -> 39 | B42: SSD SATA 128GB | C42: 25 | D42: UNIT | F42: MEI | G42: 2025 | H42: 45787
A43: =A42+1 -> 40 | B43: KABEL VGA | C43: 15 | D43: UNIT | F43: JULI | G43: 2025 | H43: 45860
A44: =A43+1 -> 41 | B44: SSD SATA 120GB | C44: 50 | D44: UNIT | F44: JULI | G44: 2025 | H44: 45855 | I44: Barang Datang/Merek Bukan Sata
A45: =A44+1 -> 42 | B45: PSU 500W ATX | C45: 20 | D45: UNIT | F45: JULI | G45: 2025 | H45: 45855 | I45: Barang Datang
A46: =A45+1 -> 43 | B46: KEYBOARD | C46: 10 | D46: UNIT | F46: JULI | G46: 2025 | H46: 45855 | I46: Barang Datang
A47: =A46+1 -> 44 | B47: MONITOR | C47: 25 | D47: UNIT | F47: JULI | G47: 2025 | H47: 45866 | I47: Barang Datang
A48: =A47+1 -> 45 | B48: CPU | C48: 25 | D48: UNIT | F48: JULI | G48: 2025 | H48: 45866 | I48: Barang Datang
A49: =A48+1 -> 46 | B49: KEYBOARD | C49: 25 | D49: UNIT | F49: JULI | G49: 2025 | H49: 45866 | I49: Barang Datang
A50: =A49+1 -> 47 | B50: MOUSE | C50: 25 | D50: UNIT | F50: JULI | G50: 2025 | H50: 45866 | I50: Barang Datang
A51: =A50+1 -> 48 | B51: MONITOR | C51: 25 | D51: UNIT | F51: JULI | G51: 2025 | H51: 45868 | I51: Barang Datang
A52: =A51+1 -> 49 | B52: CPU | C52: 25 | D52: UNIT | F52: JULI | G52: 2025 | H52: 45868 | I52: Barang Datang
A53: =A52+1 -> 50 | B53: KEYBOARD | C53: 25 | D53: UNIT | F53: JULI | G53: 2025 | H53: 45868 | I53: Barang Datang
A54: =A53+1 -> 51 | B54: MOUSE | C54: 25 | D54: UNIT | F54: JULI | G54: 2025 | H54: 45868 | I54: Barang Datang
A55: =A54+1 -> 52 | B55: SSD SATA 128GB | C55: 50 | D55: UNIT | F55: SEPTEMBER | G55: 2025 | H55: 45929 | I55: Barang Datang
... A92: =A91+1 -> 89 | B92: CCTV | C92: 1 | D92: UNIT | F92: JULI | G92: 2026 | H92: 46218 | I92: Barang Datang
A93: =A92+1 -> 90
A94: =A93+1 -> 91
A95: =A94+1 -> 92
A96: =A95+1 -> 93
A97: =A96+1 -> 94
A98: =A97+1 -> 95
A99: =A98+1 -> 96
A100: =A99+1 -> 97
A101: =A100+1 -> 98
A102: =A101+1 -> 99
A103: =A102+1 -> 100
A104: =A103+1 -> 101
... A106: =A105+1 -> 103
C107: =SUM(C4:C69) -> 1808

Sheet STOCK PERANGKAT
A1: PERANGKAT | C1: STOCK 2022 | G1: STOCK 2023 | K1: STOCK 2024 | O1: STOCK 2025 | T1: STOCK 2026
AD2: TOTAL DARI DATA PINDAH PERANGKAT
B3: JUMLAH AWAL | C3: PENAMBAHAN | D3: KERUSAKAN | E3: PERBAIKAN | F3: TOTAL | G3: PENAMBAHAN | H3: KERUSAKAN | I3: PERBAIKAN | J3: TOTAL | K3: PENAMBAHAN | L3: KERUSAKAN | M3: PERBAIKAN | N3: TOTAL | O3: PENAMBAHAN | P3: KERUSAKAN | Q3: PERBAIKAN | R3: TERJUAL | S3: TOTAL | T3: PENAMBAHAN | U3: KERUSAKAN | V3: PERBAIKAN | W3: TERJUAL | X3: TOTAL | Y3: STOCK OPNAME JUN 26 | Z3: STOCK OPNAME MAR 26 | AA3: STOCK OPNAME DES 25 | AB3: SELISIH | AD3: CPU | AE3: MOUSE | AF3: HEADSET | AG3: KEYBOARD | AH3: MONITOR
A4: MEJA DC | B4: 771 Meja/ 1139 Bilik | C4: 0 | D4: 0 | E4: 0 | F4: 771 Meja/ 1139 Bilik | G4: 15 | H4: 0 | I4: 0 | J4: 786 Meja / 1220 Bilik | K4: 0 | L4: 0 | M4: 0 | N4: 786 Meja / 1220 Bilik | O4: 16 Meja / 80 Bilik | P4: 0 | Q4: 0 | R4: 0 | S4: 802 Meja / 1300 Bilik | T4: 22 Meja/90 Bilik | U4: 2 Bilik | X4: 824 Meja/ 1388 Bilik | AD4: 1048 | AE4: 1026 | AF4: 1021 | AG4: 1063 | AH4: 1060 | AI4: AGENT
A5: KURSI DC | B5: 871 | C5: 0 | D5: 0 | E5: 0 | F5: =B5+C5-D5+E5 -> 871 | G5: 50 | H5: 163 | I5: 119 | J5: =F5+G5-H5+I5 -> 877 | K5: 430 | L5: 163 | M5: 113 | N5: =J5+K5-L5+M5 -> 1257 | O5: 250 | P5: 608 | Q5: 493 | R5: 130 | S5: 1262 | T5: 49 | X5: =S5+T5-U5+V5-W5 -> 1311 | AD5: 18 | AE5: 34 | AF5: 4 | AG5: 25 | AH5: 19 | AI5: MANAGEMENT
A6: PC ALL IN ONE | B6: 100 | C6: 0 | D6: 4 | E6: 0 | F6: =B6+C6-D6+E6 -> 96 | G6: 0 | H6: 0 | I6: 0 | J6: =F6+G6-H6+I6 -> 96 | K6: 0 | L6: 3 | M6: 0 | N6: =J6+K6-L6+M6 -> 93 | O6: 0 | P6: 0 | Q6: 4 | R6: 0 | S6: =N6+O6-P6+Q6-R6 -> 97 | U6: 4 | V6: 1 | X6: =S6+T6-U6+V6-W6 -> 94 | Y6: ='SO JUN26'!S4 -> 94 | Z6: ='SO MAR26'!S4 -> 89 | AA6: ='SO DES25'!S4 -> 100 | AB6: =Y6-X6 -> 0 | AD6: =S8+S6 -> 1200 | AE6: 1153 | AF6: 1073 | AG6: 1144 | AH6: 1041
A7: LCD MONITOR | B7: 987 | C7: 0 | D7: 95 | E7: 0 | F7: =B7+C7-D7+E7 -> 892 | G7: 0 | H7: 1 | I7: 0 | J7: =F7+G7-H7+I7 -> 891 | K7: 150 | L7: 0 | M7: 0 | N7: =J7+K7-L7+M7 -> 1041 | O7: =50+50 -> 100 | P7: 45 | Q7: 0 | R7: 0 | S7: =N7+O7-P7+Q7-R7 -> 1096 | T7: =50+50+25+50 -> 175 | X7: =S7+T7-U7+V7-W7 -> 1271 | Y7: ='SO JUN26'!S8 -> 1176 | Z7: ='SO MAR26'!S8 -> 1125 | AA7: ='SO DES25'!S8 -> 1096 | AB7: =Y7-X7 -> -95 | AD7: =AD6+AD5-AD4 -> 170 | AE7: =AE6+AE5-AE4 -> 161 | AF7: =AF6+AF5-AF4 -> 56 | AG7: =AG6+AG5-AG4 -> 106 | AH7: =AH4+AH5-AH6 -> 38
A8: CPU + MINI CPU | B8: 1137 | C8: 0 | D8: 235 | E8: 0 | F8: =B8+C8-D8+E8 -> 902 | G8: 0 | H8: 138 | I8: 74 | J8: =F8+G8-H8+I8 -> 838 | K8: 150 | L8: 43 | M8: 134 | N8: =J8+K8-L8+M8 -> 1079 | O8: =50+50 -> 100 | P8: =18+26+27 -> 71 | Q8: 202 | R8: 207 | S8: =N8+O8-P8+Q8-R8 -> 1103 | T8: =50+50+25+50 -> 175 | X8: =S8+T8-U8+V8-W8 -> 1278 | Y8: ='SO JUN26'!S2+'SO JUN26'!S3 -> 1202 | Z8: ='SO MAR26'!S3+'SO MAR26'!S2 -> 1143 | AA8: ='SO DES25'!S3+'SO DES25'!S2 -> 1103 | AB8: =Y8-X8 -> -76 | AH8: KELEBIHAN
A9: MOUSE | B9: 1030 | C9: 0 | D9: 69 | E9: 0 | F9: =B9+C9-D9+E9 -> 961 | G9: 160 | H9: 236 | I9: 0 | J9: =F9+G9-H9+I9 -> 885 | K9: 225 | L9: 22 | M9: 15 | N9: =J9+K9-L9+M9 -> 1103 | O9: =50+50+50 -> 150 | P9: 0 | Q9: 96 | R9: 221 | S9: =N9+O9-P9+Q9-R9 -> 1128 | T9: =50+50+50+25+25+50 -> 250 | X9: =S9+T9-U9+V9-W9 -> 1378 | Y9: ='SO JUN26'!S5 -> 1204 | Z9: ='SO MAR26'!S5 -> 1180 | AA9: ='SO DES25'!S5 -> 1128 | AB9: =Y9-X9 -> -174
A10: KEYBOARD | B10: 1205 | C10: 0 | D10: 198 | E10: 0 | F10: =B10+C10-D10+E10 -> 1007 | G10: 158 | H10: 92 | I10: 0 | J10: =F10+G10-H10+I10 -> 1073 | K10: 200 | L10: 144 | M10: 0 | N10: =J10+K10-L10+M10 -> 1129 | O10: =15+60+50 -> 125 | P10: 0 | Q10: 141 | R10: 245 | S10: =N10+O10-P10+Q10-R10 -> 1150 | T10: =50+50+50+25+25 -> 200 | X10: =S10+T10-U10+V10-W10 -> 1350 | Y10: ='SO JUN26'!S7 -> 1246 | Z10: ='SO MAR26'!S7 -> 1218 | AA10: ='SO DES25'!S7 -> 1150 | AB10: =Y10-X10 -> -104
A11: HEADSET | B11: 995 | C11: 0 | D11: 75 | E11: 0 | F11: =B11+C11-D11+E11 -> 920 | G11: 0 | H11: 54 | I11: 2 | J11: =F11+G11-H11+I11 -> 868 | K11: 155 | L11: 0 | M11: 0 | N11: =J11+K11-L11+M11 -> 1023 | O11: 85 | P11: 44 | Q11: 0 | R11: 0 | S11: =N11+O11-P11+Q11-R11 -> 1064 | T11: =50+25+30+50 -> 155 | X11: =S11+T11-U11+V11-W11 -> 1219 | Y11: ='SO JUN26'!S6 -> 1114 | Z11: ='SO MAR26'!S6 -> 1100 | AA11: ='SO DES25'!S6 -> 1064 | AB11: =Y11-X11 -> -105 | AE11: STOCK OPNAME | AF11: TOTAL TAMBAHAN | AG11: SELISIH | AH11: BELUM MASUK
A12: PRINTER | B12: 3 | C12: 0 | D12: 0 | E12: 0 | F12: =B12+C12-D12+E12 -> 3 | G12: 2 | H12: 1 | I12: 0 | J12: =F12+G12-H12+I12 -> 4 | K12: 1 | L12: 0 | M12: 0 | N12: =J12+K12-L12+M12 -> 5 | O12: 0 | P12: 0 | Q12: 0 | R12: 0 | S12: =N12+O12-P12+Q12-R12 -> 5 | T12: 1 | X12: =S12+T12-U12+V12-W12 -> 6 | Y12: 5 | Z12: 5 | AA12: 5 | AB12: =Y12-X12 -> -1 | AD12: CPU | AE12: 1036 | AF12: 1129 | AG12: =AF12+AH12-AE12 -> 93 | AI12: =1036-13 -> 1023
A13: LAPTOP | B13: 66 | C13: 0 | D13: 0 | E13: 0 | F13: =B13+C13-D13+E13 -> 66 | G13: 2 | H13: 0 | I13: 0 | J13: =F13+G13-H13+I13 -> 68 | K13: 11 | L13: 17 | M13: 0 | N13: =J13+K13-L13+M13 -> 62 | O13: 0 | P13: 37 | Q13: 0 | R13: 0 | S13: =N13+O13-P13+Q13-R13 -> 25 | V13: 1 | X13: =S13+T13-U13+V13-W13 -> 26 | Y13: ='SO JUN26'!S9 -> 25 | Z13: ='SO MAR26'!S9 -> 26 | AA13: ='SO DES25'!S9 -> 24 | AB13: =Y13-X13 -> -1 | AD13: MOUSE | AE13: 1106 | AF13: 1203 | AG13: =AF13+AH13-AE13 -> 97
AD14: HEADSET | AE14: 1083 | AF14: 1073 | AG14: =AF14+AH14-AE14 -> -10
AD15: KEYBOARD | AE15: 1128 | AF15: 1204 | AG15: =AF15+AH15-AE15 -> 76
AD16: MONITOR | AE16: 1036 | AF16: 1091 | AG16: =AF16+AH16-AE16 -> 55 | AI16: =1036-16 -> 1020
G17: =198+92+144 -> 434 | H17: 245 | I17: =G17-H17 -> 189 | O17: R. IT laptop rusak | P17: 32 | AD17: PC PUTIH | AE17: 96 | AF17: 93 | AG17: =AF17+AH17-AE17 -> 1127 | AH17: =94+1036 -> 1130
O18: Gudang GA belakang | P18: 3 | AD18: LAPTOP | AE18: 29 | AF18: 79 | AG18: =AF18+AH18-AE18 -> 50
P19: =1062-1096 -> -34
AD20: TOTAL AGENT | AE20: 987 | AF20: 85 | AG20: =AE20+AF20 -> 1072 | AJ20: 22
P21: =54-17 -> 37 | AG21: - | AH21: =991+97 -> 1088 | AJ21: 16
AD22: 1091 | AE22: 1072 | AF22: =AD22-AE22+97 -> 116 | AH22: =1072+16 -> 1088 | AI22: =AH21+50 -> 1138 | AJ22: 13
AD23: 1129 | AE23: =1072+16 -> 1088 | AF23: =AD23-AE23+97 -> 138 | AG23: =AD23-AH23 -> 37 | AH23: =AH22+11+3-10 -> 1092
AD24: 1203 | AE24: 1072 | AF24: =AD24-AE24 -> 131
AD25: 1204 | AE25: 1072 | AF25: =AD25-AE25 -> 132 | AH25: =138-17-10 -> 111
AD26: 1073 | AE26: 1072 | AF26: =AD26-AE26 -> 1
AI28: 1069
AD29: MINI CPU | AI29: 13
AC30: Awal | AD30: 42 | AE30: 14 | AF30: LAPANGAN | AI30: =AI28+AI29 -> 1082
AC31: Saat ini | AD31: =N8-N7 -> 38 | AE31: 12 | AF31: RUSAK
AE32: 3 | AF32: R. JARINGAN [2] , MASJID
AE33: =AD30-AE31-AE30-AE32 -> 13 | AF33: STOCK RUANG IT
AD35: PERANGKAT DIJUAL
AD36: Tanggal | AE36: Nama Perangkat | AF36: Jumlah | AH36: Total
AD37: 45915 | AE37: CPU | AF37: 152 | AH37: CPU | AI37: =SUMIF($AE$37:$AE$40,AH37,$AF$37:$AF$40) -> 207
AD38: 45915 | AE38: Keyboard | AF38: 245 | AH38: Keyboard | AI38: =SUMIF($AE$37:$AE$40,AH38,$AF$37:$AF$40) -> 245
AD39: 45916 | AE39: CPU | AF39: 55 | AH39: Mouse | AI39: =SUMIF($AE$37:$AE$40,AH39,$AF$37:$AF$40) -> 221
AD40: 45916 | AE40: Mouse | AF40: 221 | AI40: =SUMIF($AE$37:$AE$40,AH40,$AF$37:$AF$40) -> 0
AI41: =SUMIF($AE$37:$AE$40,AH41,$AF$37:$AF$40) -> 0
AI42: =SUMIF($AE$37:$AE$40,AH42,$AF$37:$AF$40) -> 0

Sheet LAPTOP 2026
A1: SERAH TERIMA LAPTOP 2026
A4: NO | B4: INVENTARIS | C4: No BAST | D4: BARANG | E4: POSISI | F4: NAMA | G4: JUMLAH | H4: KETERANGAN | I4: TGL SERAH TERIMA
A5: 1 | B5: B.2/0065/2024 | D5: Laptop ROG Flow Z13 GZ301ZE | E5: Director | F5: Ardhianto Wirawan | G5: 1
A6: =A5+1 -> 2 | B6: B.2/0066/2024 | D6: Laptop Asus Vivobook S14 Flip | E6: Manager Business Development and Operational | F6: Andika Artabayu | G6: 1
A7: =A6+1 -> 3 | B7: B.2/0064/2023 | D7: Laptop Asus Vivobook | E7: Secretary | F7: Lia Nawang Sari | G7: 1
A8: =A7+1 -> 4 | B8: B.2/0067/2024 | D8: Laptop Asus Vivobook 14 A1404ZA | E8: Manager Collection | F8: Setiawan Ginanjar | G8: 1
A9: =A8+1 -> 5 | B9: B.2/0068/2024 | D9: Laptop Asus Vivobook 14 A1404ZA | E9: Manager Collection | F9: Andri Lambok Simatupang | G9: 1
A10: =A9+1 -> 6 | B10: B.2/0070/2024 | D10: Laptop Asus Vivobook 14 A1404ZA | E10: Manager Collection | F10: Yolanda Ardha Pradana | G10: 1 | H10: TUKER DENGAN LAPTOP PAK ARI | I10: 45869
A11: =A10+1 -> 7 | E11: Manager Collection | F11: Ari Wicaksono | G11: 0 | H11: LAPTOP DI AMBIL SSS | I11: 45869
A12: =A11+1 -> 8 | B12: B.2/0063/2023 | D12: Laptop Asus M415D | E12: Manager HRD | F12: Dewi Kartika Sari | G12: 1
A13: =A12+1 -> 9 | E13: Manager FAT | F13: Mudayani | G13: 0
A14: =A13+1 -> 10 | B14: B.2/0074/2024 | D14: Laptop Asus Vivobook 14 A1404ZA | E14: Manager Field Collection | F14: Bagus Anggara Putra | G14: 0 | H14: SUDAH ADA DI RUANGAN IT | I14: 46185
A15: =A14+1 -> 11 | B15: B.2/0071/2024 | D15: Laptop Asus Vivobook 14 A1404ZA | E15: Jr. Manager Legal | F15: Mirza Savira | G15: 2 | H15: DITAMBAH LAPTOP M. HEDI
A16: =A15+1 -> 12 | B16: B.2/0072/2024 | D16: Laptop Asus Vivobook 14 A1404ZA | E16: Asst. Manager Collection | F16: Prianto | G16: 1
A17: =A16+1 -> 13 | B17: B.2/0073/2024 | D17: Laptop Asus Vivobook 14 A1404ZA | E17: Asst. Manager Collection | F17: M. Thoriq Ilmi | G17: 1
A18: =A17+1 -> 14 | B18: B.2/0075/2024 | D18: Laptop Asus Vivobook 14 A1404ZA | E18: Supervisor IT | F18: Abdi Arkananta Satya Sancoko | G18: 1
A19: =A18+1 -> 15 | B19: B.2/0077/2025 | D19: Laptop Lenovo Ideapad S130-14 | E19: Staff GA | F19: Annisa' Soraya | G19: 1
A20: =A19+1 -> 16 | B20: B.2/0079/2025 | D20: Laptop Thinkpad | E20: Staff GA | F20: Pandu Adi Samudra | G20: 1
A21: =A20+1 -> 17 | B21: B.2/0078/2025 | D21: Laptop Lenovo Ideapad 330 | E21: Staff Admin | F21: Untuk Semua | G21: 1
A22: =A21+1 -> 18 | B22: B.2/24/2020 | D22: Laptop Thinkpad | E22: Supervisor QA | F22: Hedi Candra Muhammad | G22: 0 | H22: DIBAWA BU MIRZA | I22: 46179
A23: =A22+1 -> 19 | E23: Staff HRD | F23: Abdul Ardiansya Susilo | G23: 0 | H23: LAPTOP DI AMBIL SSS | I23: 45966
A24: =A23+1 -> 20 | B24: B.2/0087/2025 | D24: Laptop Thinkpad | E24: Staff HRD | F24: Retno Indahsari | G24: 1
A25: =A24+1 -> 21 | B25: B.2/0085/2025 | D25: Laptop Thinkpad | E25: Staff HRD | F25: Zhafran Valdano Wahyushahensa | G25: 1 | H25: TUKER DENGAN LAPTOP PAK ABDUL | I25: 45966
A26: =A25+1 -> 22 | B26: B.2/0086/2025 | D26: Laptop Thinkpad | E26: Staff HRD | F26: Zhafran Valdano Wahyushahensa | G26: 1
A27: =A26+1 -> 23 | B27: B.2/20/2020 | D27: Laptop Thinkpad | E27: Staff HRD | F27: Fais Restyafani | G27: 1
A28: =A27+1 -> 24 | B28: B.2/0076/2025 | D28: Laptop Thinkpad | E28: Staff Medis | F28: Sendi Eka Oktaviani | G28: 1
A29: =A28+1 -> 25 | D29: Laptop Dell | E29: Staff QA | F29: Nor Hasanah | G29: 0
A30: =A29+1 -> 26 | D30: Laptop Dell | E30: Staff QA | F30: Mustofa Fajar Afnani | G30: 0
A31: =A30+1 -> 27 | D31: Laptop Dell | E31: Staff QA | F31: Hanif Maulana | G31: 1
A32: =A31+1 -> 28 | D32: Laptop Dell | E32: Staff QA | F32: Depri Lutfi Amin | G32: 0
A33: =A32+1 -> 29 | D33: Laptop Dell | E33: Staff QA | F33: Muh. Muqodam Ali | G33: 0
A34: =A33+1 -> 30 | D34: Laptop Dell | E34: Staff QA | F34: Frendy Ferry Andika | G34: 0
A35: =A34+1 -> 31 | D35: Laptop Thinkpad | E35: Staff QA | F35: Riva Sardiana Rahmadani | G35: 0
A36: =A35+1 -> 32 | B36: B.2/0084/2025 | D36: Laptop Dell | E36: Staff QA | F36: Luluk Yusrin Amalia | G36: 1
A37: =A36+1 -> 33 | B37: B.2/0069/2024 | D37: Laptop Asus Vivobook 14 A1404ZA | E37: Ruangan IT | F37: Ruangan IT | G37: 1 | H37: Digunakan IT
A38: =A37+1 -> 34 | B38: BLURR | D38: Laptop Lenovo | E38: Ruangan IT | F38: Ruangan IT | G38: 1 | H38: Digunakan IT
A39: =A38+1 -> 35 | B39: B.2/0083/2025 | D39: Laptop Dell | E39: Ruangan IT | F39: Ruangan IT | G39: 1 | H39: Digunakan IT [Dari Riska QA]
A40: =A39+1 -> 36 | D40: Laptop Thinkpad, Dell, Lenovo | E40: Ruangan IT | F40: Ruangan IT | G40: 31 | H40: Rusak
A41: =A40+1 -> 37 | D41: Laptop Thinkpad, Dell, Lenovo | E41: Gudang GA Belakang | F41: Gudang GA Belakang | G41: 3 | H41: Rusak
A42: =A41+1 -> 38 | E42: Tidak di tempat | F42: Tidak di tempat | G42: 1 | H42: laptop dibawa ricky sudah resign
A43: =A42+1 -> 39 | E43: Di pondok | F43: Di pondok | G43: 1 | H43: laptop di pinjam pondok
A44: =A43+1 -> 40 | D44: Laptop Thinkpad, Dell, Lenovo | G44: 17 | H44: Tidak terdeteksi tempat dan kondisi
A45: =A44+1 -> 41 | B45: B.2/0074/2024 | D45: Laptop Asus Vivobook 14 A1404ZA | E45: Ruangan IT | F45: Ruangan IT | G45: 1 | H45: Digunakan IT
A46: =A45+1 -> 42
A47: =A46+1 -> 43
A48: =A47+1 -> 44
G49: =SUM(G2:G48) -> 79
G50: 79
G51: =G49-G50 -> 0

Sheet LAPTOP 2025
A1: SERAH TERIMA LAPTOP 2025
A4: NO | B4: INVENTARIS | C4: No BAST | D4: BARANG | E4: POSISI | F4: NAMA | G4: JUMLAH | H4: KETERANGAN | I4: TGL SERAH TERIMA
A5: 1 | B5: B.2/0065/2024 | D5: Laptop ROG Flow Z13 GZ301ZE | E5: Director | F5: Ardhianto Wirawan | G5: 1
A6: =A5+1 -> 2 | B6: B.2/0066/2024 | D6: Laptop Asus Vivobook S14 Flip | E6: Manager Business Development and Operational | F6: Andika Artabayu | G6: 1
A7: =A6+1 -> 3 | B7: B.2/0064/2023 | D7: Laptop Asus Vivobook | E7: Secretary | F7: Lia Nawang Sari | G7: 1
A8: =A7+1 -> 4 | B8: B.2/0067/2024 | D8: Laptop Asus Vivobook 14 A1404ZA | E8: Manager Collection | F8: Setiawan Ginanjar | G8: 1
A9: =A8+1 -> 5 | B9: B.2/0068/2024 | D9: Laptop Asus Vivobook 14 A1404ZA | E9: Manager Collection | F9: Andri Lambok Simatupang | G9: 1
A10: =A9+1 -> 6 | B10: B.2/0070/2024 | D10: Laptop Asus Vivobook 14 A1404ZA | E10: Manager Collection | F10: Yolanda Ardha Pradana | G10: 1 | H10: TUKER DENGAN LAPTOP PAK ARI | I10: 45869
A11: =A10+1 -> 7 | E11: Manager Collection | F11: Ari Wicaksono | G11: 0 | H11: LAPTOP DI AMBIL SSS | I11: 45869
A12: =A11+1 -> 8 | B12: B.2/0063/2023 | D12: Laptop Asus M415D | E12: Manager HRD | F12: Dewi Kartika Sari | G12: 1
A13: =A12+1 -> 9 | E13: Manager FAT | F13: Mudayani | G13: 0
A14: =A13+1 -> 10 | B14: B.2/0074/2024 | D14: Laptop Asus Vivobook 14 A1404ZA | E14: Manager Field Collection | F14: Bagus Anggara Putra | G14: 1
A15: =A14+1 -> 11 | B15: B.2/0071/2024 | D15: Laptop Asus Vivobook 14 A1404ZA | E15: Jr. Manager Legal | F15: Mirza Savira | G15: 1
A16: =A15+1 -> 12 | B16: B.2/0072/2024 | D16: Laptop Asus Vivobook 14 A1404ZA | E16: Asst. Manager Collection | F16: Prianto | G16: 1
A17: =A16+1 -> 13 | B17: B.2/0073/2024 | D17: Laptop Asus Vivobook 14 A1404ZA | E17: Asst. Manager Collection | F17: M. Thoriq Ilmi | G17: 1
A18: =A17+1 -> 14 | B18: B.2/0075/2024 | D18: Laptop Asus Vivobook 14 A1404ZA | E18: Supervisor IT | F18: Abdi Arkananta Satya Sancoko | G18: 1
A19: =A18+1 -> 15 | B19: B.2/0077/2025 | D19: Laptop Lenovo Ideapad S130-14 | E19: Staff GA | F19: Annisa' Soraya | G19: 1
A20: =A19+1 -> 16 | B20: B.2/0079/2025 | D20: Laptop Thinkpad | E20: Staff GA | F20: Pandu Adi Samudra | G20: 1
A21: =A20+1 -> 17 | B21: B.2/0078/2025 | D21: Laptop Lenovo Ideapad 330 | E21: Staff Admin | F21: Untuk Semua | G21: 1
A22: =A21+1 -> 18 | B22: B.2/24/2020 | D22: Laptop Thinkpad | E22: Supervisor QA | F22: Hedi Candra Muhammad | G22: 1
A23: =A22+1 -> 19 | E23: Staff HRD | F23: Abdul Ardiansya Susilo | G23: 0 | H23: LAPTOP DI AMBIL SSS | I23: 45966
A24: =A23+1 -> 20 | B24: B.2/0087/2025 | D24: Laptop Thinkpad | E24: Staff HRD | F24: Retno Indahsari | G24: 1
A25: =A24+1 -> 21 | B25: B.2/0085/2025 | D25: Laptop Thinkpad | E25: Staff HRD | F25: Zhafran Valdano Wahyushahensa | G25: 1 | H25: TUKER DENGAN LAPTOP PAK ABDUL | I25: 45966
A26: =A25+1 -> 22 | B26: B.2/0086/2025 | D26: Laptop Thinkpad | E26: Staff HRD | F26: Zhafran Valdano Wahyushahensa | G26: 1
A27: =A26+1 -> 23 | B27: B.2/20/2020 | D27: Laptop Thinkpad | E27: Staff HRD | F27: Fais Restyafani | G27: 1
A28: =A27+1 -> 24 | B28: B.2/0076/2025 | D28: Laptop Thinkpad | E28: Staff Medis | F28: Sendi Eka Oktaviani | G28: 1
A29: =A28+1 -> 25 | D29: Laptop Dell | E29: Staff QA | F29: Nor Hasanah | G29: 0
A30: =A29+1 -> 26 | B30: B.2/0083/2025 | D30: Laptop Dell | E30: Staff QA | F30: Mustofa Fajar Afnani | G30: 1
A31: =A30+1 -> 27 | D31: Laptop Dell | E31: Staff QA | F31: Hanif Maulana | G31: 1
A32: =A31+1 -> 28 | B32: B.2/0084/2025 | D32: Laptop Dell | E32: Staff QA | F32: Depri Lutfi Amin | G32: 1
A33: =A32+1 -> 29 | D33: Laptop Dell | E33: Staff QA | F33: Muh. Muqodam Ali | G33: 0
A34: =A33+1 -> 30 | D34: Laptop Dell | E34: Staff QA | F34: Frendy Ferry Andika | G34: 0
A35: =A34+1 -> 31 | D35: Laptop Thinkpad | E35: Staff QA | F35: Riva Sardiana Rahmadani | G35: 0
A36: =A35+1 -> 32 | D36: Laptop Dell | E36: Staff QA | F36: Luluk Yusrin Amalia | G36: 0
A37: =A36+1 -> 33 | D37: Laptop Thinkpad, Dell, Lenovo | E37: Ruangan IT | F37: Ruangan IT | G37: 32 | H37: Rusak
A38: =A37+1 -> 34 | B38: B.2/0069/2024 | D38: Laptop Asus Vivobook 14 A1404ZA | E38: Ruangan IT | F38: Ruangan IT | G38: 1 | H38: Digunakan IT
A39: =A38+1 -> 35 | D39: Laptop Thinkpad, Dell, Lenovo | E39: Gudang GA Belakang | F39: Gudang GA Belakang | G39: 3 | H39: Rusak
A40: =A39+1 -> 36 | E40: Tidak di tempat | F40: Tidak di tempat | G40: 1 | H40: laptop dibawa ricky sudah resign
A41: =A40+1 -> 37 | E41: Di pondok | F41: Di pondok | G41: 1 | H41: laptop di pinjam pondok
A42: =A41+1 -> 38 | D42: Laptop Thinkpad, Dell, Lenovo | G42: 17 | H42: Tidak terdeteksi tempat dan kondisi
A43: =A42+1 -> 39
A44: =A43+1 -> 40
A45: =A44+1 -> 41
A46: =A45+1 -> 42
A47: =A46+1 -> 43
G48: =SUM(G2:G47) -> 79
G49: 79
G50: =G48-G49 -> 0

Sheet SO JUL25
A1: No Meja | B1: CPU | C1: Mouse | D1: Headset | E1: Keyboard | F1: Monitor | G1: PC Putih | H1: Keterangan | I1: Laptop | J1: Nama
A2: 1 | B2: V | C2: V | D2: V | E2: V | F2: V | L2: CPU | M2: =COUNTIF(B2:B1277,"V") -> 1036
A3: 2 | B3: V | C3: V | D3: V | E3: V | F3: V | L3: MOUSE | M3: =COUNTIF(C2:C1277,"V") -> 1107
A4: 3 | B4: V | C4: V | D4: V | E4: V | F4: V | L4: HEADSET | M4: =COUNTIF(D2:D1277,"V") -> 1083
A5: 4 | B5: V | C5: V | D5: V | E5: V | F5: V | L5: KEYBOARD | M5: =COUNTIF(E2:E1277,"V") -> 1128
A6: 5 | B6: V | C6: V | D6: V | E6: V | F6: V | L6: MONITOR | M6: =COUNTIF(F2:F1277,"V") -> 1035
A7: 6 | B7: V | C7: V | D7: V | E7: V | F7: V | L7: PC PUTIH | M7: =COUNTIF(G2:G1277,"V") -> 96
A8: 7 | B8: V | C8: V | D8: V | E8: V | F8: V | L8: LAPTOP | M8: =COUNTIF(I2:I1277,"V") -> 31
A9: 8 | B9: V | C9: V | D9: V | E9: V | F9: V
A10: 9 | B10: V | C10: V | D10: V | E10: V | F10: V
A11: 10 | B11: V | C11: V | D11: V | E11: V | F11: V
A12: 11 | B12: V | C12: V | D12: V | E12: V | F12: V
A13: 12 | B13: V | C13: V | D13: V | E13: V | F13: V
A14: 13 | B14: V | C14: V | D14: V | E14: V | F14: V
A15: 14 | B15: V | C15: V | D15: V | E15: V | F15: V
A16: 15 | B16: V | C16: V | D16: V | E16: V | F16: V
A17: 16 | B17: V | C17: V | D17: V | E17: V | F17: V
A18: 17 | B18: V | C18: V | D18: V | E18: V | F18: V
A19: 18 | B19: V | C19: V | D19: V | E19: V | F19: V
A20: 19 | B20: V | C20: V | D20: V | E20: V | F20: V
... A40: 39 | B40: V | C40: V | D40: V | E40: V | F40: V
A41: 40 | C41: V | D41: V | E41: V | G41: V
A42: 41 | C42: V | D42: V | E42: V | G42: V
A43: 42 | B43: V | C43: V | D43: V | E43: V | F43: V
A44: 43 | B44: V | C44: V | D44: V | E44: V | F44: V
A45: 44 | B45: V | C45: V | D45: V | E45: V | F45: V
A46: 45 | B46: V | C46: V | D46: V | E46: V | F46: V
A47: 46 | B47: V | C47: V | D47: V | E47: V | F47: V
A48: 47 | B48: V | C48: V | D48: V | E48: V | F48: V
A49: 48 | B49: V | C49: V | D49: V | E49: V | F49: V
A50: 49 | B50: V | C50: V | D50: V | E50: V | F50: V
A51: 50 | B51: V | C51: V | D51: V | E51: V | F51: V
A52: 51 | B52: V | C52: V | D52: V | E52: V | F52: V
A53: 52 | B53: V | C53: V | D53: V | E53: V | F53: V
A54: 53 | C54: V | D54: V | E54: V | G54: V
A55: 54 | B55: V | D55: V | E55: V | F55: V
A56: 55 | B56: V | C56: V | D56: V | E56: V | F56: V
A57: 56 | B57: V | C57: V | D57: V | E57: V | F57: V
A58: 57 | B58: V | C58: V | D58: V | E58: V | F58: V
A59: 58 | B59: V | C59: V | D59: V | E59: V | F59: V
A60: 59 | B60: V | C60: V | D60: V | E60: V | F60: V
A61: 60 | B61: V | C61: V | D61: V | E61: V | F61: V
A62: 61 | B62: V | C62: V | D62: V | E62: V | F62: V
A63: 62 | B63: V | C63: V | D63: V | E63: V | F63: V
A64: 63 | B64: V | C64: V | D64: V | E64: V | F64: V
A65: 64 | B65: V | D65: V | E65: V | F65: V
A66: 65 | B66: V | C66: V | D66: V | E66: V | F66: V
A67: 66 | B67: V | C67: V | D67: V | E67: V | F67: V
A68: 67 | B68: V | C68: V | D68: V | E68: V | F68: V
A69: 68 | B69: V | C69: V | D69: V | E69: V | F69: V
A70: 69 | B70: V | C70: V | D70: V | E70: V | F70: V
A71: 70 | B71: V | C71: V | D71: V | E71: V | F71: V
A72: 71 | B72: V | C72: V | D72: V | E72: V | F72: V
A73: 72 | B73: V | C73: V | D73: V | E73: V | F73: V
A74: 73 | B74: V | C74: V | D74: V | E74: V | F74: V
A75: 74 | B75: V | C75: V | D75: V | E75: V | F75: V
A76: 75 | B76: V | C76: V | D76: V | E76: V | F76: V
A77: 76 | B77: V | C77: V | D77: V | E77: V | F77: V
... A83: 82 | B83: V | C83: V | D83: V | E83: V | F83: V
A84: 83 | H84: MEJA KOSONG
A85: 84 | B85: V | C85: V | D85: V | E85: V | F85: V
A86: 85 | B86: V | C86: V | E86: V | F86: V
A87: 86 | H87: MEJA KOSONG
A88: 87 | B88: V | C88: V | D88: V | E88: V | F88: V
A89: 88 | B89: V | C89: V | D89: V | E89: V | F89: V
A90: 89 | B90: V | C90: V | D90: V | E90: V | F90: V
A91: 90 | B91: V | C91: V | D91: V | E91: V | F91: V
A92: 91 | B92: V | C92: V | D92: V | E92: V | F92: V
A93: 92 | B93: V | C93: V | D93: V | E93: V | F93: V
A94: 93 | B94: V | C94: V | D94: V | E94: V | F94: V
A95: 94 | B95: V | C95: V | D95: V | E95: V | F95: V
A96: 95 | B96: V | C96: V | D96: V | E96: V | F96: V
A97: 96 | B97: V | C97: V | D97: V | E97: V | F97: V
A98: 97 | B98: V
A99: 98 | B99: V | D99: V | E99: V | F99: V
A100: 99 | B100: V | C100: V | D100: V | E100: V | F100: V
A101: 100 | B101: V | C101: V | D101: V | E101: V | F101: V
A102: 101 | B102: V | C102: V | D102: V | E102: V | F102: V
A103: 102 | B103: V | C103: V | D103: V | E103: V | F103: V
A104: 103 | B104: V | C104: V | D104: V | E104: V | F104: V
A105: 104 | B105: V | C105: V | D105: V | E105: V | F105: V
A106: 105 | B106: V | D106: V | E106: V | F106: V
A107: 106 | B107: V | C107: V | E107: V | F107: V
A108: 107 | B108: V | C108: V | D108: V | E108: V | F108: V
A109: 108 | B109: V | C109: V | E109: V | F109: V
A110: 109 | B110: V | C110: V | D110: V | E110: V | F110: V
A111: 110 | B111: V | C111: V | D111: V | E111: V | F111: V
A112: 111 | B112: V | C112: V | D112: V | E112: V | F112: V
A113: 112 | B113: V | C113: V | D113: V | E113: V | F113: V
A114: 113 | B114: V | C114: V | D114: V | E114: V | F114: V
A115: 114 | B115: V | C115: V | D115: V | E115: V | F115: V
A116: 115 | B116: V | C116: V | D116: V | E116: V | F116: V
A117: 116 | B117: V | C117: V | D117: V | E117: V | F117: V
A118: 117 | C118: V | D118: V | E118: V | G118: V
A119: 118 | B119: V | C119: V | D119: V | E119: V | F119: V
A120: 119 | B120: V | C120: V | D120: V | E120: V | F120: V
A121: 120 | B121: V | C121: V | E121: V | F121: V
A122: 121 | B122: V | C122: V | D122: V | E122: V | F122: V
A123: 122 | B123: V | C123: V | D123: V | E123: V | F123: V
A124: 123 | B124: V | C124: V | D124: V | E124: V | F124: V
...

Sheet SO OKT25
A1: No Meja | B1: Mini CPU | C1: CPU | D1: Mouse | E1: Headset | F1: Keyboard | G1: Monitor | H1: PC Putih | I1: Laptop | J1: Keterangan | K1: Nama
A2: 1 | C2: V | D2: V | E2: V | F2: V | G2: V | M2: MINI CPU | N2: =COUNTIF(B1:B1285,"V") -> 3
A3: 2 | C3: V | D3: V | E3: V | F3: V | G3: V | M3: CPU | N3: =COUNTIF(C2:C1285,"V") -> 1030
A4: 3 | C4: V | D4: V | E4: V | F4: V | G4: V | M4: MOUSE | N4: =COUNTIF(D2:D1285,"V") -> 1083
A5: 4 | C5: V | D5: V | E5: V | F5: V | G5: V | M5: HEADSET | N5: =COUNTIF(E2:E1285,"V") -> 1054 | O5: 35
A6: 5 | C6: V | D6: V | E6: V | F6: V | G6: V | M6: KEYBOARD | N6: =COUNTIF(F2:F1285,"V") -> 1122
A7: 6 | C7: V | D7: V | E7: V | F7: V | G7: V | M7: MONITOR | N7: =COUNTIF(G2:G1285,"V") -> 1041
A8: 7 | C8: V | D8: V | E8: V | F8: V | G8: V | M8: PC PUTIH | N8: =COUNTIF(H2:H1285,"V") -> 93 | O8: 17 | P8: =N8+O8 -> 110
A9: 8 | C9: V | D9: V | E9: V | F9: V | G9: V | M9: LAPTOP | N9: =COUNTIF(I2:I1285,"V") -> 31
A10: 9 | C10: V | D10: V | E10: V | F10: V | G10: V | M10: MEJA KOSONG | N10: =COUNTIF(J2:J1285,"MEJA KOSONG") -> 90
A11: 10 | C11: V | D11: V | E11: V | F11: V | G11: V | M11: PRIBADI | N11: =COUNTIF(B2:I1285,"PRIBADI") -> 67
A12: 11 | C12: V | D12: V | E12: V | F12: V | G12: V
A13: 12 | C13: V | D13: V | E13: V | F13: V | G13: V
A14: 13 | C14: V | D14: V | E14: V | F14: V | G14: V
A15: 14 | D15: V | E15: V | F15: V | H15: V
A16: 15 | C16: V | D16: V | E16: V | F16: V | G16: V
A17: 16 | C17: V | D17: V | E17: V | F17: V | G17: V
A18: 17 | C18: V | D18: V | F18: V | G18: V
A19: 18 | C19: V | D19: V | F19: V | G19: V
A20: 19 | C20: V | D20: V | E20: V | F20: V | G20: V
A21: 20 | C21: V | D21: V | E21: V | F21: V | G21: V
A22: 21 | C22: V | D22: V | E22: V | F22: V | G22: V
A23: 22 | C23: V | D23: V | E23: V | F23: V | G23: V
A24: 23 | C24: V | D24: V | E24: V | F24: V | G24: V
A25: 24 | C25: V | D25: V | E25: V | F25: V | G25: V
A26: 25 | C26: V | D26: V | E26: V | F26: V | G26: V
A27: 26 | C27: V | D27: V | E27: V | F27: V | G27: V
A28: 27 | C28: V | D28: V | E28: V | F28: V | G28: V
A29: 28 | C29: V | D29: V | E29: V | F29: V | G29: V
A30: 29 | C30: V | D30: V | E30: V | F30: V | G30: V
A31: 30 | C31: V | D31: V | F31: V | G31: V
A32: 31 | C32: V | D32: V | F32: V | G32: V
A33: 32 | C33: V | D33: V | E33: V | F33: V | G33: V
A34: 33 | C34: V | D34: V | E34: V | F34: V | G34: V
A35: 34 | C35: V | D35: V | E35: V | F35: V | G35: V
A36: 35 | C36: V | D36: V | E36: V | F36: V | G36: V
A37: 36 | C37: V | D37: V | E37: V | F37: V | G37: V
A38: 37 | C38: V | D38: V | E38: V | F38: V | G38: V
A39: 38 | C39: V | D39: V | E39: V | F39: V | G39: V
A40: 39 | J40: MEJA KOSONG
A41: 40 | C41: V | D41: V | E41: V | F41: V | G41: V
A42: 41 | C42: V | D42: V | E42: V | F42: V | G42: V
A43: 42 | C43: V | D43: V | E43: V | F43: V | G43: V
A44: 43 | C44: V | D44: V | E44: V | F44: V | G44: V
A45: 44 | C45: V | D45: V | E45: V | F45: V | G45: V
A46: 45 | C46: V | D46: V | E46: V | F46: V | G46: V
A47: 46 | C47: V | D47: V | E47: V | F47: V | G47: V
A48: 47 | C48: V | D48: V | E48: V | F48: V | G48: V
A49: 48 | C49: V | D49: V | E49: V | F49: V | G49: V
A50: 49 | C50: V | D50: V | E50: V | F50: V | G50: V
A51: 50 | C51: V | D51: V | E51: V | F51: V | G51: V
A52: 51 | C52: V | D52: V | E52: V | F52: V | G52: V
... A83: 82 | C83: V | D83: V | E83: V | F83: V | G83: V
A84: 83 | J84: MEJA KOSONG
A85: 84 | C85: V | D85: V | E85: V | F85: V | G85: V
A86: 85 | J86: MEJA KOSONG
A87: 86 | C87: V | D87: V | E87: V | F87: V | G87: V
A88: 87 | C88: V | D88: V | E88: V | F88: V | G88: V
A89: 88 | C89: V | D89: V | E89: V | F89: V | G89: V
A90: 89 | C90: V | D90: V | E90: V | F90: V | G90: V
A91: 90 | C91: V | D91: V | E91: V | F91: V | G91: V
A92: 91 | C92: V | D92: V | E92: V | F92: V | G92: V
A93: 92 | C93: V | D93: V | E93: V | F93: V | G93: V
A94: 93 | C94: V | D94: V | E94: V | F94: V | G94: V
A95: 94 | C95: V | D95: V | E95: V | F95: V | G95: V
A96: 95 | C96: V | D96: V | E96: V | F96: V | G96: V
A97: 96 | C97: V | D97: V | E97: V | F97: V | G97: V
A98: 97 | J98: MEJA KOSONG
A99: 98 | C99: V | E99: V | F99: V | G99: V
A100: 99 | C100: V | E100: V | F100: V | G100: V
A101: 100 | C101: V | D101: V | E101: V | F101: V | G101: V
A102: 101 | C102: V | D102: V | E102: V | F102: V | G102: V
A103: 102 | C103: V | D103: V | F103: V | G103: V
A104: 103 | C104: V | D104: V | E104: V | F104: V | G104: V
A105: 104 | C105: V | D105: V | E105: V | F105: V | G105: V
A106: 105 | C106: V | D106: V | E106: V | F106: V | G106: V
A107: 106 | C107: V | D107: V | E107: V | F107: V | G107: V
A108: 107 | C108: V | D108: V | E108: V | F108: V | G108: V
A109: 108 | C109: V | D109: V | E109: V | F109: V | G109: V
A110: 109 | C110: V | D110: V | E110: V | F110: V | G110: V
A111: 110 | C111: V | D111: V | E111: V | F111: V | G111: V
A112: 111 | C112: V | D112: V | E112: V | F112: V | G112: V
A113: 112 | C113: V | D113: V | E113: V | F113: V | G113: V
A114: 113 | C114: V | D114: V | E114: V | F114: V | G114: V
A115: 114 | C115: V | D115: V | E115: V | F115: V | G115: V
... A120: 119 | C120: V | D120: V | E120: V | F120: V | G120: V
A121: 120 | C121: V | D121: V | F121: V | G121: V
A122: 121 | J122: MEJA KOSONG
A123: 122 | J123: MEJA KOSONG
A124: 123 | C124: V | D124: V | E124: V | F124: V | G124: V
A125: 124 | C125: V | D125: V | E125: V | F125: V | G125: V
A126: 125 | C126: V | D126: V | E126: V | F126: V | G126: V
A127: 126 | C127: V | D127: V | E127: V | F127: V | G127: V
A128: 127 | C128: V | D128: PRIBADI | E128: V | F128: V | G128: V
A129: 128 | C129: V | D129: V | E129: V | F129: V | G129: V
A130: 129 | J130: MEJA KOSONG
A131: 130 | C131: V | D131: V | E131: V | F131: V | G131: V
A132: 131 | C132: V | D132: V | E132: V | F132: V | G132: V
A133: 132 | C133: V | D133: V | E133: V | F133: V | G133: V
A134: 133 | C134: V | D134: V | E134: V | F134: V | G134: V
...

Sheet SO DES25
A1: No Meja | B1: Mini CPU | C1: CPU | D1: Mouse | E1: Headset | F1: Keyboard | G1: Monitor | H1: PC Putih | I1: Laptop | J1: Keterangan | K1: Nama | S1: TOTAL
A2: 1 | C2: V | D2: V | E2: V | F2: V | G2: V | K2: Lt3 | M2: MINI CPU | N2: =COUNTIF(B1:B1279,"V") -> 5 | O2: =37-18 -> 19 | Q2: 8 | S2: =N2+O2+P2+Q2+R2 -> 32 | T2: 18
A3: =A2+1 -> 2 | C3: V | D3: V | E3: V | F3: V | G3: V | K3: Lt3 | M3: CPU | N3: =COUNTIF(C2:C1279,"V") -> 1043 | O3: 28 | S3: =N3+O3+P3+Q3+R3 -> 1071 | U3: =42-26 -> 16
A4: =A3+1 -> 3 | C4: V | D4: V | E4: V | F4: V | G4: V | K4: Lt3 | M4: PC PUTIH | N4: =COUNTIF(H2:H1279,"V") -> 93 | O4: 5 | Q4: 1 | R4: 1 | S4: =N4+O4+P4+Q4+R4 -> 100
A5: =A4+1 -> 4 | C5: V | D5: V | E5: V | F5: V | G5: V | K5: Lt3 | M5: MOUSE | N5: =COUNTIF(D2:D1279,"V") -> 1097 | P5: 30 | Q5: 1 | S5: =N5+O5+P5+Q5+R5 -> 1128
A6: =A5+1 -> 5 | C6: V | D6: V | E6: V | F6: V | G6: V | K6: Lt3 | M6: HEADSET | N6: =COUNTIF(E2:E1279,"V") -> 1064 | S6: =N6+O6+P6+Q6+R6 -> 1064
A7: =A6+1 -> 6 | C7: V | D7: V | E7: V | F7: V | G7: V | K7: Lt3 | M7: KEYBOARD | N7: =COUNTIF(F2:F1279,"V") -> 1119 | P7: 30 | Q7: 1 | S7: =N7+O7+P7+Q7+R7 -> 1150
A8: =A7+1 -> 7 | C8: V | D8: V | E8: V | F8: V | G8: V | K8: Lt3 | M8: MONITOR | N8: =COUNTIF(G2:G1279,"V") -> 1046 | O8: 18 | P8: 32 | S8: =N8+O8+P8+Q8+R8 -> 1096
A9: =A8+1 -> 8 | C9: V | D9: V | E9: V | F9: V | G9: V | K9: Lt3 | M9: LAPTOP | N9: =COUNTIF(I2:I1279,"V") -> 24 | S9: =N9+O9+P9+Q9+R9 -> 24
A10: =A9+1 -> 9 | C10: V | D10: V | E10: V | F10: V | G10: V | K10: Lt3 | M10: MEJA KOSONG | N10: =COUNTIF(J2:J1279,"MEJA KOSONG") -> 90 | S10: =N10+O10+P10+Q10+R10 -> 90
A11: =A10+1 -> 10 | C11: V | D11: V | E11: V | F11: V | G11: V | K11: Lt3 | M11: PRIBADI | N11: =COUNTIF(B2:I1279,"PRIBADI") -> 43 | S11: =N11+O11+P11+Q11+R11 -> 43
A12: =A11+1 -> 11 | C12: V | D12: V | E12: V | F12: V | G12: V | K12: Lt3
A13: =A12+1 -> 12 | C13: V | D13: V | E13: V | F13: V | G13: V | K13: Lt3 | N13: DC & MANAGEMENT | O13: R. IT | P13: R TRAINING | Q13: R. Meeting Besar | R13: Skyteam | S13: TOTAL
A14: =A13+1 -> 13 | C14: V | D14: V | E14: V | F14: V | G14: V | K14: Lt3
A15: =A14+1 -> 14 | C15: V | D15: V | E15: V | F15: V | G15: V | K15: Lt3 | N15: =N3-17 -> 1026 | O15: cpu
A16: =A15+1 -> 15 | C16: V | D16: V | E16: V | F16: V | G16: V | K16: Lt3 | N16: 93 | O16: pc putih
A17: =A16+1 -> 16 | C17: V | D17: V | E17: V | F17: V | G17: V | K17: Lt3 | N17: 90 | O17: meja kosong
A18: =A17+1 -> 17 | J18: MEJA KOSONG | K18: Lt3 | N18: 3 | O18: mini cpu yang perangkat agak lengkap
A19: =A18+1 -> 18 | C19: V | D19: V | E19: V | F19: V | G19: V | K19: Lt3 | N19: =SUM(N15:N18) -> 1212
A20: =A19+1 -> 19 | C20: V | D20: V | E20: V | F20: V | G20: V | K20: Lt3
A21: =A20+1 -> 20 | C21: V | D21: V | E21: V | F21: V | G21: V | K21: Lt3
A22: =A21+1 -> 21 | C22: V | D22: V | E22: V | F22: V | G22: V | K22: Lt3
A23: =A22+1 -> 22 | C23: V | D23: V | E23: V | F23: V | G23: V | K23: Lt3 | N23: =N3-17 -> 1026 | O23: =N8-17 -> 1029 | P23: =1097-38 -> 1059
A24: =A23+1 -> 23 | C24: V | D24: V | E24: V | F24: V | G24: V | K24: Lt3
A25: =A24+1 -> 24 | C25: V | D25: V | E25: V | F25: V | G25: V | K25: Lt3
A26: =A25+1 -> 25 | C26: V | D26: V | E26: V | F26: V | G26: V | K26: Lt3
A27: =A26+1 -> 26 | C27: V | D27: V | E27: V | F27: V | G27: V | K27: Lt3
A28: =A27+1 -> 27 | C28: V | D28: V | E28: V | F28: V | G28: V | K28: Lt3
A29: =A28+1 -> 28 | C29: V | D29: V | E29: V | F29: V | G29: V | K29: Lt3
A30: =A29+1 -> 29 | C30: V | D30: V | E30: V | F30: V | G30: V | K30: Lt3
A31: =A30+1 -> 30 | C31: V | D31: V | F31: V | G31: V | K31: Lt3
A32: =A31+1 -> 31 | C32: V | D32: V | F32: V | G32: V | K32: Lt3
A33: =A32+1 -> 32 | C33: V | D33: V | F33: V | G33: V | K33: Lt3
A34: =A33+1 -> 33 | C34: V | D34: V | E34: V | F34: V | G34: V | K34: Lt3
A35: =A34+1 -> 34 | C35: V | D35: V | E35: V | F35: V | G35: V | K35: Lt3
A36: =A35+1 -> 35 | C36: V | D36: V | E36: V | F36: V | G36: V | K36: Lt3
A37: =A36+1 -> 36 | C37: V | D37: V | E37: V | F37: V | G37: V | K37: Lt3
A38: =A37+1 -> 37 | C38: V | D38: V | E38: V | F38: V | G38: V | K38: Lt3
A39: =A38+1 -> 38 | C39: V | D39: V | E39: V | F39: V | G39: V | K39: Lt3
A40: =A39+1 -> 39 | J40: MEJA KOSONG | K40: Lt3
A41: =A40+1 -> 40 | C41: V | D41: V | E41: V | F41: V | G41: V | K41: Lt3
A42: =A41+1 -> 41 | C42: V | D42: V | E42: V | F42: V | G42: V | K42: Lt3
A43: =A42+1 -> 42 | C43: V | D43: V | E43: V | F43: V | G43: V | K43: Lt3
A44: =A43+1 -> 43 | C44: V | D44: V | E44: V | F44: V | G44: V | K44: Lt3
A45: =A44+1 -> 44 | C45: V | D45: V | E45: V | F45: V | G45: V | K45: Lt3
A46: =A45+1 -> 45 | C46: V | D46: V | E46: V | F46: V | G46: V | K46: Lt3
A47: =A46+1 -> 46 | C47: V | D47: V | E47: V | F47: V | G47: V | K47: Lt3
A48: =A47+1 -> 47 | D48: V | E48: V | F48: V | H48: V | K48: Lt3
A49: =A48+1 -> 48 | J49: MEJA KOSONG | K49: Lt3
A50: =A49+1 -> 49 | C50: V | D50: V | F50: V | G50: V | K50: Lt3
A51: =A50+1 -> 50 | C51: V | D51: V | E51: V | F51: V | G51: V | K51: Lt3
A52: =A51+1 -> 51 | C52: V | D52: V | E52: V | F52: V | G52: V | K52: Lt3
A53: =A52+1 -> 52 | C53: V | D53: V | E53: V | F53: V | G53: V | K53: Lt3
A54: =A53+1 -> 53 | C54: V | D54: V | E54: V | F54: V | G54: V | K54: Lt3
A55: =A54+1 -> 54 | C55: V | D55: V | E55: V | F55: V | G55: V | K55: Lt3
A56: =A55+1 -> 55 | C56: V | D56: V | E56: V | F56: V | G56: V | K56: Lt3
A57: =A56+1 -> 56 | C57: V | D57: V | E57: V | F57: V | G57: V | K57: Lt3
A58: =A57+1 -> 57 | J58: MEJA KOSONG | K58: Lt3
A59: =A58+1 -> 58 | C59: V | D59: V | E59: V | F59: V | G59: V | K59: Lt3
A60: =A59+1 -> 59 | C60: V | D60: V | E60: V | F60: V | G60: V | K60: Lt3
A61: =A60+1 -> 60 | C61: V | D61: V | E61: V | F61: V | G61: V | K61: Lt3
A62: =A61+1 -> 61 | C62: V | D62: V | E62: V | F62: V | G62: V | K62: Lt3
A63: =A62+1 -> 62 | C63: V | D63: V | E63: V | F63: V | G63: V | K63: Lt3
A64: =A63+1 -> 63 | C64: V | D64: V | E64: V | F64: V | G64: V | K64: Lt3
A65: =A64+1 -> 64 | C65: V | D65: V | E65: V | F65: V | G65: V | K65: Lt3
A66: =A65+1 -> 65 | C66: V | D66: V | E66: V | F66: V | G66: V | K66: Lt3
A67: =A66+1 -> 66 | C67: V | D67: V | E67: V | F67: V | G67: V | K67: Lt3
A68: =A67+1 -> 67 | C68: V | D68: V | E68: V | F68: V | G68: V | K68: Lt3
A69: =A68+1 -> 68 | C69: V | D69: V | E69: V | F69: V | G69: V | K69: Lt3
A70: =A69+1 -> 69 | C70: V | D70: V | E70: V | F70: V | G70: V | K70: Lt3
A71: =A70+1 -> 70 | C71: V | D71: V | E71: V | F71: V | G71: V | K71: Lt3
A72: =A71+1 -> 71 | J72: MEJA KOSONG | K72: Lt3
A73: =A72+1 -> 72 | C73: V | D73: V | E73: V | F73: V | G73: V | K73: Lt3
A74: =A73+1 -> 73 | C74: V | D74: V | E74: V | F74: V | G74: V | K74: Lt3
A75: =A74+1 -> 74 | C75: V | D75: V | E75: V | F75: V | G75: V | K75: Lt3
A76: =A75+1 -> 75 | C76: V | D76: V | E76: V | F76: V | G76: V | K76: Lt3
A77: =A76+1 -> 76 | C77: V | D77: V | E77: V | F77: V | G77: V | K77: Lt3
A78: =A77+1 -> 77 | C78: V | D78: V | E78: V | F78: V | G78: V | K78: Lt3
A79: =A78+1 -> 78 | C79: V | D79: V | E79: V | F79: V | G79: V | K79: Lt3
A80: =A79+1 -> 79 | C80: V | D80: V | E80: V | F80: V | G80: V | K80: Lt3
A81: =A80+1 -> 80 | J81: MEJA KOSONG | K81: Lt3
A82: =A81+1 -> 81 | C82: V | D82: V | E82: V | F82: V | G82: V | K82: Lt3
A83: =A82+1 -> 82 | C83: V | D83: V | E83: V | F83: V | G83: V | K83: Lt3
A84: =A83+1 -> 83 | C84: V | D84: V | E84: V | F84: V | G84: V | K84: Lt3
A85: =A84+1 -> 84 | C85: V | D85: V | E85: V | F85: V | G85: V | K85: Lt3
A86: =A85+1 -> 85 | J86: MEJA KOSONG | K86: Lt3
A87: =A86+1 -> 86 | C87: V | D87: V | E87: V | F87: V | G87: V | K87: Lt3
A88: =A87+1 -> 87 | C88: V | D88: V | E88: V | F88: V | G88: V | K88: Lt3
A89: =A88+1 -> 88 | C89: V | D89: V | E89: V | F89: V | G89: V | K89: Lt3
A90: =A89+1 -> 89 | C90: V | D90: V | E90: V | F90: V | G90: V | K90: Lt3
A91: =A90+1 -> 90 | C91: V | D91: V | E91: V | F91: V | G91: V | K91: Lt3
A92: =A91+1 -> 91 | C92: V | D92: V | E92: V | F92: V | G92: V | K92: Lt3
A93: =A92+1 -> 92 | C93: V | D93: V | E93: V | F93: V | G93: V | K93: Lt3
A94: =A93+1 -> 93 | C94: V | D94: V | E94: V | F94: V | G94: V | K94: Lt3
A95: =A94+1 -> 94 | C95: V | D95: V | E95: V | F95: V | G95: V | K95: Lt3
A96: =A95+1 -> 95 | C96: V | D96: V | E96: V | F96: V | G96: V | K96: Lt3
A97: =A96+1 -> 96 | J97: MEJA KOSONG | K97: Lt3
A98: =A97+1 -> 97 | J98: MEJA KOSONG | K98: Lt3
A99: =A98+1 -> 98 | J99: MEJA KOSONG | K99: Lt3
A100: =A99+1 -> 99 | C100: V | D100: V | E100: V | F100: V | G100: V | K100: Lt3
...

Sheet SO MAR26
A1: No Meja | B1: Mini CPU | C1: CPU | D1: Mouse | E1: Headset | F1: Keyboard | G1: Monitor | H1: PC Putih | I1: Laptop | J1: Keterangan | K1: Nama | S1: TOTAL
A2: 1 | C2: V | D2: V | E2: V | F2: V | G2: V | K2: LT 3 | M2: MINI CPU | N2: =COUNTIF(B1:B1348,"V") -> 0 | O2: 32 | S2: =N2+O2+P2+Q2+R2 -> 32
A3: =A2+1 -> 2 | C3: V | D3: V | E3: V | F3: V | G3: V | K3: LT 3 | M3: CPU | N3: =COUNTIF(C2:C1348,"V") -> 1109 | P3: 2 | S3: =N3+O3+P3+Q3+R3 -> 1111
A4: =A3+1 -> 3 | C4: V | D4: V | E4: V | F4: V | G4: V | K4: LT 3 | M4: PC PUTIH | N4: =COUNTIF(H2:H1348,"V") -> 54 | O4: 9 | P4: 24 | Q4: 1 | R4: 1 | S4: =N4+O4+P4+Q4+R4 -> 89
A5: =A4+1 -> 4 | C5: V | D5: V | E5: V | F5: V | G5: V | K5: LT 3 | M5: MOUSE | N5: =COUNTIF(D2:D1348,"V") -> 1118 | O5: 1 | P5: 60 | Q5: 1 | S5: =N5+O5+P5+Q5+R5 -> 1180
A6: =A5+1 -> 5 | C6: V | D6: V | E6: V | F6: V | G6: V | K6: LT 3 | M6: HEADSET | N6: =COUNTIF(E2:E1348,"V") -> 1098 | O6: 2 | S6: =N6+O6+P6+Q6+R6 -> 1100
A7: =A6+1 -> 6 | C7: V | D7: V | E7: V | F7: V | G7: V | K7: LT 3 | M7: KEYBOARD | N7: =COUNTIF(F2:F1348,"V") -> 1154 | O7: 1 | P7: 62 | Q7: 1 | S7: =N7+O7+P7+Q7+R7 -> 1218
A8: =A7+1 -> 7 | C8: V | D8: V | E8: V | F8: V | G8: V | K8: LT 3 | M8: MONITOR | N8: =COUNTIF(G2:G1348,"V") -> 1114 | O8: 7 | P8: 4 | S8: =N8+O8+P8+Q8+R8 -> 1125
A9: =A8+1 -> 8 | C9: V | D9: V | E9: V | F9: V | G9: V | K9: LT 3 | M9: LAPTOP | N9: =COUNTIF(I2:I1348,"V") -> 26 | S9: =N9+O9+P9+Q9+R9 -> 26
A10: =A9+1 -> 9 | C10: V | D10: V | F10: V | G10: V | K10: LT 3 | M10: MEJA KOSONG | N10: =COUNTIF(J2:J1348,"MK") -> 131 | S10: =N10+O10+P10+Q10+R10 -> 131
A11: =A10+1 -> 10 | C11: V | D11: V | E11: V | F11: V | G11: V | K11: LT 3 | M11: PRIBADI | N11: =COUNTIF(B2:I1348,"P") -> 72 | S11: =N11+O11+P11+Q11+R11 -> 72
A12: =A11+1 -> 11 | C12: V | D12: V | E12: V | F12: V | G12: V | K12: LT 3
A13: =A12+1 -> 12 | C13: V | D13: V | E13: V | F13: V | G13: V | K13: LT 3 | N13: DC & MANAGEMENT | O13: R. IT | P13: R ECEG | Q13: R. Meeting Besar | R13: Skyteam | S13: TOTAL
A14: =A13+1 -> 13 | C14: V | D14: V | E14: V | F14: V | G14: V | K14: LT 3
A15: =A14+1 -> 14 | C15: V | D15: V | E15: V | F15: V | G15: V | K15: LT 3
A16: =A15+1 -> 15 | J16: MK | K16: LT 3
A17: =A16+1 -> 16 | C17: V | D17: V | E17: V | F17: V | G17: V | K17: LT 3
A18: =A17+1 -> 17 | C18: V | D18: V | E18: V | F18: V | G18: V | K18: LT 3
A19: =A18+1 -> 18 | C19: V | D19: V | F19: V | G19: V | K19: LT 3
A20: =A19+1 -> 19 | C20: V | D20: V | E20: V | F20: V | G20: V | K20: LT 3
A21: =A20+1 -> 20 | C21: V | D21: V | E21: V | F21: V | G21: V | K21: LT 3
A22: =A21+1 -> 21 | C22: V | D22: V | E22: V | F22: V | G22: V | K22: LT 3
A23: =A22+1 -> 22 | C23: V | D23: V | E23: V | F23: V | G23: V | K23: LT 3
A24: =A23+1 -> 23 | C24: V | D24: V | E24: V | F24: V | G24: V | K24: LT 3
A25: =A24+1 -> 24 | C25: V | D25: V | E25: V | F25: V | G25: V | K25: LT 3
A26: =A25+1 -> 25 | C26: V | D26: V | E26: V | F26: V | G26: V | K26: LT 3
A27: =A26+1 -> 26 | C27: V | D27: V | E27: V | F27: V | G27: V | K27: LT 3
A28: =A27+1 -> 27 | C28: V | D28: V | E28: V | F28: V | G28: V | K28: LT 3
A29: =A28+1 -> 28 | C29: V | D29: V | E29: V | F29: V | G29: V | K29: LT 3
A30: =A29+1 -> 29 | C30: V | D30: V | E30: V | F30: V | G30: V | K30: LT 3
A31: =A30+1 -> 30 | C31: V | D31: V | E31: V | F31: V | G31: V | K31: LT 3
A32: =A31+1 -> 31 | C32: V | D32: V | F32: V | G32: V | K32: LT 3
A33: =A32+1 -> 32 | C33: V | D33: V | E33: V | F33: V | G33: V | K33: LT 3
A34: =A33+1 -> 33 | C34: V | D34: V | E34: V | F34: V | G34: V | K34: LT 3
A35: =A34+1 -> 34 | C35: V | D35: V | E35: V | F35: V | G35: V | K35: LT 3
A36: =A35+1 -> 35 | C36: V | D36: V | E36: V | F36: V | G36: V | K36: LT 3
A37: =A36+1 -> 36 | C37: V | D37: V | E37: V | F37: V | G37: V | K37: LT 3
A38: =A37+1 -> 37 | C38: V | D38: V | E38: V | F38: V | G38: V | K38: LT 3
A39: =A38+1 -> 38 | C39: V | D39: V | F39: V | G39: V | K39: LT 3
A40: =A39+1 -> 39 | C40: V | D40: V | E40: V | F40: V | G40: V | K40: LT 3
A41: =A40+1 -> 40 | C41: V | D41: V | E41: V | F41: V | G41: V | K41: LT 3
A42: =A41+1 -> 41 | C42: V | D42: V | E42: V | F42: V | G42: V | K42: LT 3
A43: =A42+1 -> 42 | C43: V | D43: V | E43: V | F43: V | G43: V | K43: LT 3
A44: =A43+1 -> 43 | C44: V | D44: V | E44: V | F44: V | G44: V | K44: LT 3
A45: =A44+1 -> 44 | C45: V | D45: V | E45: V | F45: V | G45: V | K45: LT 3
A46: =A45+1 -> 45 | C46: V | D46: V | E46: V | F46: V | G46: V | K46: LT 3
A47: =A46+1 -> 46 | C47: V | D47: V | E47: V | F47: V | G47: V | K47: LT 3
A48: =A47+1 -> 47 | C48: V | D48: V | F48: V | G48: V | K48: LT 3
A49: =A48+1 -> 48 | C49: V | D49: V | F49: V | G49: V | K49: LT 3
A50: =A49+1 -> 49 | C50: V | D50: V | E50: V | F50: V | G50: V | K50: LT 3
A51: =A50+1 -> 50 | C51: V | D51: V | E51: V | F51: V | G51: V | K51: LT 3
A52: =A51+1 -> 51 | C52: V | D52: V | E52: V | F52: V | G52: V | K52: LT 3
A53: =A52+1 -> 52 | C53: V | D53: V | F53: V | G53: V | K53: LT 3
A54: =A53+1 -> 53 | C54: V | D54: V | E54: V | F54: V | G54: V | K54: LT 3
A55: =A54+1 -> 54 | C55: V | D55: V | E55: V | F55: V | G55: V | K55: LT 3
A56: =A55+1 -> 55 | C56: V | D56: V | E56: V | F56: V | G56: V | K56: LT 3
A57: =A56+1 -> 56 | C57: V | D57: V | E57: V | F57: V | G57: V | K57: LT 3
A58: =A57+1 -> 57 | C58: V | D58: V | E58: V | F58: V | G58: V | K58: LT 3
A59: =A58+1 -> 58 | C59: V | D59: V | E59: V | F59: V | G59: V | K59: LT 3
A60: =A59+1 -> 59 | C60: V | D60: V | E60: V | F60: V | G60: V | K60: LT 3
A61: =A60+1 -> 60 | C61: V | D61: V | E61: V | F61: V | G61: V | K61: LT 3
A62: =A61+1 -> 61 | C62: V | D62: V | E62: V | F62: V | G62: V | K62: LT 3
A63: =A62+1 -> 62 | C63: V | D63: V | E63: V | F63: V | G63: V | K63: LT 3
A64: =A63+1 -> 63 | C64: V | D64: V | E64: V | F64: V | G64: V | K64: LT 3
A65: =A64+1 -> 64 | C65: V | D65: V | E65: V | F65: V | G65: V | K65: LT 3
... A80: =A79+1 -> 79 | C80: V | D80: V | E80: V | F80: V | G80: V | K80: LT 3
A81: =A80+1 -> 80 | J81: MK | K81: LT 3
A82: =A81+1 -> 81 | C82: V | D82: V | E82: V | F82: V | G82: V | K82: LT 3
A83: =A82+1 -> 82 | C83: V | D83: V | E83: V | F83: V | G83: V | K83: LT 3
A84: =A83+1 -> 83 | C84: V | D84: V | E84: V | F84: V | G84: V | K84: LT 3
A85: =A84+1 -> 84 | C85: V | D85: V | E85: V | F85: V | G85: V | K85: LT 3
A86: =A85+1 -> 85 | J86: MK | K86: LT 3
A87: =A86+1 -> 86 | C87: V | D87: V | E87: V | F87: V | G87: V | K87: LT 3
A88: =A87+1 -> 87 | C88: V | D88: V | E88: V | F88: V | G88: V | K88: LT 3
A89: =A88+1 -> 88 | C89: V | D89: V | E89: V | F89: V | G89: V | K89: LT 3
A90: =A89+1 -> 89 | C90: V | D90: V | E90: V | F90: V | G90: V | K90: LT 3
A91: =A90+1 -> 90 | C91: V | D91: V | E91: V | F91: V | G91: V | K91: LT 3
A92: =A91+1 -> 91 | C92: V | D92: V | E92: V | F92: V | G92: V | K92: LT 3
A93: =A92+1 -> 92 | C93: V | D93: V | E93: V | F93: V | G93: V | K93: LT 3
A94: =A93+1 -> 93 | C94: V | D94: V | E94: V | F94: V | G94: V | K94: LT 3
A95: =A94+1 -> 94 | C95: V | D95: V | E95: V | F95: V | G95: V | K95: LT 3
A96: =A95+1 -> 95 | C96: V | D96: V | E96: V | F96: V | G96: V | K96: LT 3
A97: =A96+1 -> 96 | C97: V | D97: V | F97: V | G97: V | K97: LT 3
A98: =A97+1 -> 97 | C98: V | D98: V | E98: V | F98: V | G98: V | K98: LT 3
A99: =A98+1 -> 98 | C99: V | D99: V | E99: V | F99: V | G99: V | K99: LT 3
A100: =A99+1 -> 99 | C100: V | D100: P | E100: V | F100: V | G100: V | K100: LT 3
A101: =A100+1 -> 100 | C101: V | D101: V | E101: V | F101: V | G101: V | K101: LT 3
A102: =A101+1 -> 101 | C102: V | D102: V | E102: V | F102: V | G102: V | K102: LT 3
A103: =A102+1 -> 102 | C103: V | D103: V | E103: V | F103: V | G103: V | K103: LT 3
A104: =A103+1 -> 103 | C104: V | D104: V | E104: V | F104: V | G104: V | K104: LT 3
A105: =A104+1 -> 104 | C105: V | D105: V | E105: V | F105: V | G105: V | K105: LT 3
A106: =A105+1 -> 105 | C106: V | D106: V | E106: V | F106: V | G106: V | K106: LT 3
A107: =A106+1 -> 106 | C107: V | D107: V | E107: V | F107: V | G107: V | K107: LT 3
A108: =A107+1 -> 107 | C108: V | D108: V | E108: V | F108: V | G108: V | K108: LT 3
A109: =A108+1 -> 108 | C109: V | D109: V | E109: V | F109: V | G109: V | K109: LT 3
A110: =A109+1 -> 109 | C110: V | D110: P | E110: V | F110: V | G110: V | K110: LT 3
A111: =A110+1 -> 110 | C111: V | D111: V | E111: V | G111: V | K111: LT 3
A112: =A111+1 -> 111 | C112: V | D112: V | E112: V | F112: V | G112: V | K112: LT 3
A113: =A112+1 -> 112 | C113: V | D113: V | E113: V | G113: V | K113: LT 3
A114: =A113+1 -> 113 | C114: V | D114: V | E114: V | F114: V | G114: V | K114: LT 3
...

Sheet SO JUN26
A1: No Meja | B1: Mini CPU | C1: CPU | D1: Mouse | E1: Headset | F1: Keyboard | G1: Monitor | H1: PC Putih | I1: Laptop | J1: Keterangan | K1: Nama | N1: DC & MANAGEMENT | O1: R. IT | P1: R ECEG | Q1: R. Meeting Besar | R1: Skyteam | S1: TOTAL
A2: 1 | D2: V | E2: V | F2: V | H2: V | K2: LT 3 | M2: MINI CPU | N2: =COUNTIF(B2:B1414,"V") -> 0 | O2: 32 | S2: =N2+O2+P2+Q2+R2 -> 32
A3: =A2+1 -> 2 | D3: V | E3: V | F3: V | H3: V | K3: LT 3 | M3: CPU | N3: =COUNTIF(C2:C1414,"V") -> 1143 | O3: =2+25 -> 27 | S3: =N3+O3+P3+Q3+R3 -> 1170
A4: =A3+1 -> 3 | C4: V | E4: V | F4: V | G4: V | K4: LT 3 | M4: PC PUTIH | N4: =COUNTIF(H2:H1414,"V") -> 87 | O4: 6 | R4: 1 | S4: =N4+O4+P4+Q4+R4 -> 94
A5: =A4+1 -> 4 | C5: V | D5: V | E5: V | F5: V | G5: V | K5: LT 3 | M5: MOUSE | N5: =COUNTIF(D2:D1414,"V") -> 1179 | O5: 25 | S5: =N5+O5+P5+Q5+R5 -> 1204
A6: =A5+1 -> 5 | C6: V | D6: V | E6: V | F6: V | G6: V | K6: LT 3 | M6: HEADSET | N6: =COUNTIF(E2:E1414,"V") -> 1114 | S6: =N6+O6+P6+Q6+R6 -> 1114
A7: =A6+1 -> 6 | C7: V | D7: V | E7: V | F7: V | G7: V | K7: LT 3 | M7: KEYBOARD | N7: =COUNTIF(F2:F1414,"V") -> 1221 | O7: 25 | S7: =N7+O7+P7+Q7+R7 -> 1246
A8: =A7+1 -> 7 | C8: V | D8: V | E8: V | F8: V | G8: V | K8: LT 3 | M8: MONITOR | N8: =COUNTIF(G2:G1414,"V") -> 1144 | O8: =7+25 -> 32 | S8: =N8+O8+P8+Q8+R8 -> 1176
A9: =A8+1 -> 8 | C9: V | D9: V | E9: V | F9: V | G9: V | K9: LT 3 | M9: LAPTOP | N9: =COUNTIF(I2:I1414,"V") -> 22 | O9: 3 | S9: =N9+O9+P9+Q9+R9 -> 25
A10: =A9+1 -> 9 | J10: MK | K10: LT 3 | M10: KUBIKEL KOSONG | N10: =COUNTIF(J2:J1414,"MK") -> 130 | S10: =N10+O10+P10+Q10+R10 -> 130
A11: =A10+1 -> 10 | C11: V | D11: V | E11: V | F11: V | G11: V | K11: LT 3 | M11: KUBIKEL AKTIF | N11: =COUNTBLANK(J2:J1349) -> 1207 | S11: =N11+O11+P11+Q11+R11 -> 1207
A12: =A11+1 -> 11 | C12: V | D12: V | E12: V | F12: V | G12: V | K12: LT 3 | M12: KUBIKEL HILANG | N12: =COUNTIF(J2:J1414,"X") -> 11 | S12: =N12+O12+P12+Q12+R12 -> 11
A13: =A12+1 -> 12 | C13: V | D13: V | E13: V | F13: V | G13: V | K13: LT 3 | M13: PRIBADI | N13: =COUNTIF(B2:I1414,"P") -> 51 | S13: =N13+O13+P13+Q13+R13 -> 51
A14: =A13+1 -> 13 | J14: MK | K14: LT 3 | S14: =N14+O14+P14+Q14+R14 -> 0
A15: =A14+1 -> 14 | J15: MK | K15: LT 3
A16: =A15+1 -> 15 | C16: V | D16: V | E16: V | F16: V | G16: V | K16: LT 3
A17: =A16+1 -> 16 | C17: V | D17: V | E17: V | F17: V | G17: V | K17: LT 3
A18: =A17+1 -> 17 | C18: V | D18: V | E18: V | F18: V | G18: V | K18: LT 3
A19: =A18+1 -> 18 | C19: V | D19: V | E19: V | F19: V | G19: V | K19: LT 3
A20: =A19+1 -> 19 | C20: V | D20: V | E20: V | F20: V | G20: V | K20: LT 3
A21: =A20+1 -> 20 | C21: V | D21: V | E21: V | F21: V | G21: V | K21: LT 3
A22: =A21+1 -> 21 | C22: V | D22: V | E22: V | F22: V | G22: V | K22: LT 3
A23: =A22+1 -> 22 | C23: V | D23: V | E23: V | F23: V | G23: V | K23: LT 3
A24: =A23+1 -> 23 | C24: V | D24: V | E24: V | F24: V | G24: V | K24: LT 3
A25: =A24+1 -> 24 | C25: V | D25: V | E25: V | F25: V | G25: V | K25: LT 3
A26: =A25+1 -> 25 | C26: V | D26: V | E26: V | F26: V | G26: V | K26: LT 3
A27: =A26+1 -> 26 | C27: V | D27: V | E27: V | F27: V | G27: V | K27: LT 3
... A31: =A30+1 -> 30 | C31: V | D31: V | E31: V | F31: V | G31: V | K31: LT 3
A32: =A31+1 -> 31 | C32: V | D32: V | F32: V | G32: V | K32: LT 3
A33: =A32+1 -> 32 | J33: MK | K33: LT 3
A34: =A33+1 -> 33 | C34: V | D34: V | E34: V | F34: V | G34: V | K34: LT 3
A35: =A34+1 -> 34 | C35: V | D35: V | E35: V | F35: V | G35: V | K35: LT 3
A36: =A35+1 -> 35 | C36: V | D36: V | E36: V | F36: V | G36: V | K36: LT 3
A37: =A36+1 -> 36 | C37: V | D37: V | E37: V | F37: V | G37: V | K37: LT 3
A38: =A37+1 -> 37 | C38: V | D38: V | E38: V | F38: V | G38: V | K38: LT 3
A39: =A38+1 -> 38 | J39: MK | K39: LT 3
A40: =A39+1 -> 39 | C40: V | D40: V | E40: V | F40: V | G40: V | K40: LT 3
A41: =A40+1 -> 40 | C41: V | D41: V | E41: V | F41: V | G41: V | K41: LT 3
A42: =A41+1 -> 41 | C42: V | D42: V | E42: V | F42: V | G42: V | K42: LT 3
A43: =A42+1 -> 42 | C43: V | D43: V | E43: V | F43: V | G43: V | K43: LT 3
A44: =A43+1 -> 43 | C44: V | D44: V | E44: V | F44: V | G44: V | K44: LT 3
A45: =A44+1 -> 44 | C45: V | D45: V | E45: V | F45: V | G45: V | K45: LT 3
A46: =A45+1 -> 45 | C46: V | D46: V | E46: V | F46: V | G46: V | K46: LT 3
A47: =A46+1 -> 46 | C47: V | D47: V | E47: V | F47: V | G47: V | K47: LT 3
A48: =A47+1 -> 47 | C48: V | D48: V | E48: V | F48: V | G48: V | K48: LT 3
A49: =A48+1 -> 48 | J49: MK | K49: LT 3
A50: =A49+1 -> 49 | D50: V | F50: V | H50: V | K50: LT 3
A51: =A50+1 -> 50 | C51: V | D51: V | F51: V | G51: V | K51: LT 3
A52: =A51+1 -> 51 | C52: V | D52: V | E52: V | F52: V | G52: V | K52: LT 3
A53: =A52+1 -> 52 | C53: V | D53: V | E53: V | F53: V | G53: V | K53: LT 3
A54: =A53+1 -> 53 | C54: V | D54: V | E54: V | F54: V | G54: V | K54: LT 3
A55: =A54+1 -> 54 | C55: V | D55: V | E55: V | F55: V | G55: V | K55: LT 3
A56: =A55+1 -> 55 | C56: V | D56: V | E56: V | F56: V | G56: V | K56: LT 3
A57: =A56+1 -> 56 | C57: V | D57: V | E57: V | F57: V | G57: V | K57: LT 3
A58: =A57+1 -> 57 | J58: MK | K58: LT 3
A59: =A58+1 -> 58 | C59: V | D59: V | E59: V | F59: V | G59: V | K59: LT 3
A60: =A59+1 -> 59 | C60: V | D60: V | E60: V | F60: V | G60: V | K60: LT 3
A61: =A60+1 -> 60 | J61: MK | K61: LT 3
A62: =A61+1 -> 61 | C62: V | D62: V | E62: V | F62: V | G62: V | K62: LT 3
A63: =A62+1 -> 62 | C63: V | D63: V | E63: V | F63: V | G63: V | K63: LT 3
A64: =A63+1 -> 63 | J64: MK | K64: LT 3
A65: =A64+1 -> 64 | C65: V | D65: V | E65: V | F65: V | G65: V | K65: LT 3
A66: =A65+1 -> 65 | C66: V | D66: V | E66: V | F66: V | G66: V | K66: LT 3
A67: =A66+1 -> 66 | C67: V | D67: V | E67: V | F67: V | G67: V | K67: LT 3
A68: =A67+1 -> 67 | C68: V | D68: V | E68: V | F68: V | G68: V | K68: LT 3
A69: =A68+1 -> 68 | C69: V | D69: V | E69: V | F69: V | G69: V | K69: LT 3
A70: =A69+1 -> 69 | C70: V | D70: V | E70: V | F70: V | G70: V | K70: LT 3
A71: =A70+1 -> 70 | C71: V | D71: V | E71: V | F71: V | G71: V | K71: LT 3
A72: =A71+1 -> 71 | C72: V | D72: V | E72: V | F72: V | G72: V | K72: LT 3
A73: =A72+1 -> 72 | C73: V | D73: V | E73: V | F73: V | G73: V | K73: LT 3
A74: =A73+1 -> 73 | C74: V | D74: V | E74: V | F74: V | G74: V | K74: LT 3
A75: =A74+1 -> 74 | C75: V | D75: V | E75: V | F75: V | G75: V | K75: LT 3
A76: =A75+1 -> 75 | C76: V | D76: V | E76: V | F76: V | G76: V | K76: LT 3
... A80: =A79+1 -> 79 | C80: V | D80: V | E80: V | F80: V | G80: V | K80: LT 3
A81: =A80+1 -> 80 | J81: MK | K81: LT 3
A82: =A81+1 -> 81 | J82: MK | K82: LT 3
A83: =A82+1 -> 82 | C83: V | D83: V | E83: V | F83: V | G83: V | K83: LT 3
A84: =A83+1 -> 83 | C84: V | D84: V | E84: V | F84: V | G84: V | K84: LT 3
A85: =A84+1 -> 84 | C85: V | D85: V | E85: V | F85: V | G85: V | K85: LT 3
A86: =A85+1 -> 85 | J86: MK | K86: LT 3
A87: =A86+1 -> 86 | J87: MK | K87: LT 3
A88: =A87+1 -> 87 | J88: MK | K88: LT 3
A89: =A88+1 -> 88 | C89: V | D89: V | E89: V | F89: V | G89: V | K89: LT 3
A90: =A89+1 -> 89 | C90: V | D90: V | E90: V | F90: V | G90: V | K90: LT 3
A91: =A90+1 -> 90 | C91: V | D91: V | E91: V | F91: V | G91: V | K91: LT 3
A92: =A91+1 -> 91 | C92: V | D92: V | E92: V | F92: V | G92: V | K92: LT 3
A93: =A92+1 -> 92 | C93: V | D93: V | E93: V | F93: V | G93: V | K93: LT 3
A94: =A93+1 -> 93 | C94: V | D94: V | E94: V | F94: V | G94: V | K94: LT 3
A95: =A94+1 -> 94 | C95: V | D95: V | E95: V | F95: V | G95: V | K95: LT 3
A96: =A95+1 -> 95 | C96: V | D96: V | E96: V | F96: V | G96: V | K96: LT 3
A97: =A96+1 -> 96 | C97: V | D97: V | E97: V | F97: V | G97: V | K97: LT 3
A98: =A97+1 -> 97 | C98: V | D98: V | E98: V | F98: V | G98: V | K98: LT 3
A99: =A98+1 -> 98 | C99: V | D99: V | F99: V | G99: V | K99: LT 3
A100: =A99+1 -> 99 | C100: V | D100: V | E100: V | F100: V | G100: V | K100: LT 3
A101: =A100+1 -> 100 | C101: V | D101: V | E101: V | F101: V | G101: V | K101: LT 3
A102: =A101+1 -> 101 | C102: V | D102: V | E102: V | F102: V | G102: V | K102: LT 3
A103: =A102+1 -> 102 | C103: V | D103: V | F103: V | G103: V | K103: LT 3
A104: =A103+1 -> 103 | C104: V | D104: V | E104: V | F104: V | G104: V | K104: LT 3
A105: =A104+1 -> 104 | C105: V | D105: V | E105: V | F105: V | G105: V | K105: LT 3
A106: =A105+1 -> 105 | C106: V | D106: V | E106: V | F106: V | G106: V | K106: LT 3
...

Sheet INVENTARIS - MANAGEMENT
A1: CPU | B1: Mouse | C1: Keyboard | D1: Monitor | E1: PC Putih | F1: Laptop | G1: Nama | H1: Posisi
F2: B.2/0065/2024 | G2: Ardhianto Wirawan | H2: Director
F3: B.2/0066/2024 | G3: Andika Artabayu | H3: Manager Business Development and Operational
G4: M. Dwiki Prabowo | H4: Personal Assistant of Director
B5: V | F5: B.2/0064/2023 | G5: Lia Nawang Sari | H5: Secretary
B6: V | F6: B.2/0067/2024 | G6: Setiawan Ginanjar | H6: Manager Collection
B7: V | F7: B.2/0068/2024 | G7: Andri Lambok Simatupang | H7: Manager Collection
B8: V | F8: B.2/0069/2024 | G8: Yolanda Ardha Pradana | H8: Manager Collection
B9: V | F9: B.2/0070/2024 | G9: Ari Wicaksono | H9: Manager Collection
A10: PC/1398/2025 | B10: MS/1433/2022 | C10: KB/0792/2025 | D10: MN/0829/2025 | F10: B.2/0063/2023 | G10: Dewi Kartika Sari | H10: Manager HRD
A11: PC/1399/2025 | B11: MS/1131/2023 | C11: KB/0816/2025 | D11: MN/108/2020 | G11: Mudayani | H11: Manager FAT
B12: V | F12: B.2/0074/2024 | G12: Bagus Anggara Putra | H12: Manager Field Collection
F13: B.2/0071/2024 | G13: Mirza Savira | H13: Jr. Manager Legal
B14: V | F14: B.2/0072/2024 | G14: Prianto | H14: Asst. Manager Collection
B15: V | F15: B.2/0073/2024 | G15: M. Thoriq Ilmi | H15: Asst. Manager Collection
F16: B.2/0075/2024 | G16: Abdi Arkananta Satya Sancoko | H16: Supervisor IT
A17: PC/1271/2025 | B17: MS/1388/2022 | C17: KB/0480/2025 | D17: MN/0363/2025 | G17: Resya Guesmel | H17: Supervisor QA
G18: Hedi Candra Muhammad | H18: Supervisor QA
G19: Awang Putra Pratama | H19: Supervisor IT
B20: MS/1393/2022 | F20: B.2/0085/2025 | G20: Abdul Ardiansya Susilo | H20: Staff HRD
A21: PC/1269/2025 | B21: MS/1747/2025 | C21: KB/0478/2025 | D21: MN/0361/2025 | G21: Anindita Maharani | H21: Staff Admin
A22: PC/1265/2025 | B22: MS/1378/2022 | C22: 116 | D22: MN/0357/2025 | G22: Annisa' Soraya | H22: Staff GA
B23: MS/0384/2019 | F23: B.2/0087/2025 | G23: Retno Indahsari | H23: Staff HRD
A24: PC/1268/2025 | B24: MS/1746/2025 | C24: KB/0477/2025 | D24: MN/0360/2025 | G24: Novia Natasha Hariyanto | H24: Staff Admin
A25: PC/1273/2025 | B25: MS/1749/2025 | D25: MN/0365/2025 | G25: Norman Arias | H25: Staff Admin
B26: MS/1456/2022 | F26: B.2/0086/2025 | G26: Zhafran Valdano Wahyushahensa | H26: Staff HRD
G27: Depri Lutfi Amin | H27: Staff QA
G28: Harum Maulana | H28: Staff QA
G29: M. Saiful Bahri | H29: Staff QA
B30: MS/1150/2023 | F30: B.2/0080/2025 | G30: Nor Hasanah | H30: Staff QA
G31: Yani Pranata | H31: Staff QA
B32: MS/1386/2025 | F32: B.2/220/06/2019 | G32: Fanny Setiana Liswanto | H32: Staff QA
G33: Mushtofa Fajar Afnani | H33: Staff QA
B34: MS/1444/2022 | F34: B.2/0082/2025 | G34: Muh. Muqodam Ali | H34: Staff QA
A35: PC/1270/2025 | B35: MS/1418/2022 | C35: KB/0479/2025 | D35: MN/0362/2025 | G35: Yusi Pratiwi Angguntari | H35: Staff Admin
B36: MS/0940/2023 | F36: B.2/20/2020 | G36: Fais Restyafani | H36: Staff HRD
B37: MS/1469/2023 | F37: B.2/0084/2025 | G37: Frendy Ferry Andika | H37: Staff QA
G38: Nur Andika | H38: Staff QA
B39: MS/2099/2025 | F39: B.2/0081/2025 | G39: Riva Sardiana Rahmadani | H39: Staff QA
G40: Hanif Maulana | H40: Staff QA
B41: MS/1126/2023 | F41: B.2/0083/2025 | G41: Luluk Yusrin Amalia | H41: Staff QA
B42: MS/1814/2025 | C42: KB/0707/2025 | E42: 283 | G42: Eka Desi Retnowati | H42: Staff QA
A43: PC/1276/2025 | B43: MS/1752/2025 | C43: KB/0484/2025 | D43: MN/0368/2025 | G43: Widya Indah Rahayu | H43: Staff Finance
A44: PC/1264/2025 | B44: MS/1439/2022 | C44: KB/0474/2025 | D44: MN/0356/2025 | G44: Nadiyatul Ula Faidatun Nisa' | H44: Staff Tax
G45: M. Ru'i | H45: Staff QA
G46: Eszag Hadiputra Christawan | H46: Staff QA
A47: PC/1272/2025 | B47: MS/1748/2025 | C47: KB/0481/2025 | D47: MN/0364/2025 | G47: Dona Yuliandri Adam | H47: Staff Admin
G48: Ilham Putra Mahendra | H48: Staff IT Helper
G49: Andhika Dwi Adha Putra | H49: Staff IT Helper
B50: MS/1379/2022 | F50: B.2/0076/2025 | G50: Sendi Eka Oktaviani | H50: Staff Medis
G51: Sandrak Abet Nego Batubara | H51: Staff QA
G52: Alenzandro Yogi Irfancyah Kabut | H52: Staff QA
G53: Mahfudh Khoirul Anwar | H53: Staff IT
B54: MS/0944/2023 | F54: B.2/0079/2025 | G54: Pandu Adi Samudra | H54: Staff GA
G55: Atma Ramdhani Ahmad | H55: Staff GA
G56: Alif Fachrul Rizky Endiyanto | H56: Staff IT
B57: MS/1753/2025 | C57: KB/0485/2025 | E57: B.3/230/18/2019 | G57: Fadya Wutri Ardyanitasari | H57: Resepsionis
B58: MS/1754/2025 | C58: KB/0486/2025 | E58: 233 | G58: Nadia Rahmatul Ulla | H58: Resepsionis
D59: V | G59: Ruangan IT
D60: V | G60: Ruangan IT
D61: V | G61: Ruangan IT
F62: B.2/0078/2025 | G62: Laptop Admin
B63: MS/1125/2023 | F63: B.2/0077/2025 | G63: Laptop Annisa
D64: V | G64: Meja IT lantai 3
D65: V | G65: Meja IT lantai 3
A66: =COUNTA(A2:A65) -> 11 | B66: =COUNTA(B2:B65) -> 35 | C66: =COUNTA(C2:C65) -> 13 | D66: =COUNTA(D2:D65) -> 16 | E66: =COUNTA(E2:E65) -> 3 | F66: =COUNTA(F2:F65) -> 27

Sheet INVENTARIS - AGENT
A1: No Meja | B1: CPU | C1: Mouse | D1: Headset | E1: Keyboard | F1: Monitor | G1: Keterangan
A2: 1 | B2: PC/0558/2021 | C2: MS/0566/2019 | D2: HD/1158/2025 | E2: B8/280/139/2019 | F2: MN/0256/2025
A3: =A2+1 -> 2 | B3: PC/0200/2020 | C3: MS/1594/2025 | D3: HD/1159/2025 | E3: KB/0348/2025 | F3: MN/0298/2019
A4: =A3+1 -> 3 | B4: PC/0284/2021 | C4: MS/0235/2019 | D4: HD/1160/2025 | E4: KB/0234/2025 | F4: MN/0257/2025
A5: =A4+1 -> 4 | B5: PC/1190/2025 | C5: MS/0315/2019 | D5: HD/1100/2022 | E5: KB/0325/2025 | F5: MN/0258/2025
A6: =A5+1 -> 5 | B6: PC/0879/2021 | C6: MS/1141/2023 | D6: HD/1161/2025 | E6: KB/0326/2025 | F6: MN/0259/2025
A7: =A6+1 -> 6 | B7: PC/0906/2020 | C7: MS/0928/2023 | D7: HD/1162/2025 | E7: KB/0415/2019 | F7: MN/0261/2025
A8: =A7+1 -> 7 | B8: PC/0382/2021 | C8: MS/1902/2025 | D8: HD/1163/2025 | E8: KB/0327/2025 | F8: MN/0260/2025
A9: =A8+1 -> 8 | B9: PC/0576/2021 | C9: MS/1153/2023 | D9: HD/1165/2025 | E9: KB/0328/2025 | F9: MN/0010/2019
A10: =A9+1 -> 9 | B10: PC/0612/2021 | C10: MS/1596/2025 | D10: HD/1164/2025 | E10: KB/0329/2025 | F10: MN/0183/2019
A11: =A10+1 -> 10 | B11: PC/0618/2021 | C11: MS/0329/2019 | D11: HD/1166/2025 | E11: KB/0103/2019 | F11: MN/0086/2020
A12: =A11+1 -> 11 | B12: PC/0385/2021 | C12: MS/1597/2025 | D12: HD/1167/2025 | E12: KB/0330/2025 | F12: MN/0262/2025
A13: =A12+1 -> 12 | B13: PC/0640/2020 | C13: MS/1598/2025 | D13: HD/1168/2025 | E13: KB/0331/2025 | F13: MN/0263/2025
A14: =A13+1 -> 13 | B14: PC/0332/2021 | C14: MS/0355/2019 | D14: HD/1091/2022 | E14: KB/0332/2025 | F14: MN/0264/2025
... A26: =A25+1 -> 25 | B26: PC/1193/2025 | C26: MS/1604/2025 | D26: HD/1176/2025 | E26: KB/0340/2025 | F26: MN/0270/2025
A27: =A26+1 -> 26 | B27: - | C27: - | D27: - | E27: - | F27: - | G27: KOSONG
A28: =A27+1 -> 27 | B28: PC/0177/2021 | C28: MS/1605/2025 | D28: HD/1177/2025 | E28: KB/0341/2025 | F28: MN/0195/2019
A29: =A28+1 -> 28 | B29: PC/0204/2021 | C29: MS/1164/2023 | D29: HD/1178/2025 | E29: KB/0342/2025 | F29: MN/0271/2025
A30: =A29+1 -> 29 | B30: PC/0360/2021 | C30: MS/0291/2019 | D30: HD/1179/2025 | E30: KB/0347/2025 | F30: MN/0281/2019
A31: =A30+1 -> 30 | B31: PC/1194/2025 | C31: MS/1606/2025 | D31: X | E31: KB/0343/2025 | F31: MN/0272/2025
A32: =A31+1 -> 31 | B32: PC/1195/2025 | C32: MS/1146/2023 | D32: X | E32: KB/0344/2025 | F32: MN/0273/2025
A33: =A32+1 -> 32 | B33: PC/0394/2021 | C33: MS/0576/2019 | D33: HD/1180/2025 | E33: KB/0345/2025 | F33: MN/0101/2019
A34: =A33+1 -> 33 | B34: PC/1196/2025 | C34: MS/0193/2019 | D34: HD/1182/2025 | E34: KB/0438/2019 | F34: MN/0274/2025
A35: =A34+1 -> 34 | B35: PC/0341/2021 | C35: MS/1607/2025 | D35: HD/1183/2025 | E35: KB/0346/2025 | F35: MN/0275/2025
A36: =A35+1 -> 35 | B36: PC/0895/2020 | C36: MS/0107/2019 | D36: HD/1185/2025 | E36: KB/0249/2019 | F36: MN/0068/2019
A37: =A36+1 -> 36 | B37: PC/0502/2021 | C37: MS/0587/2019 | D37: HD/1184/2025 | E37: KB/0092/2020 | F37: MN/0276/2025
A38: =A37+1 -> 37 | B38: PC/0523/2021 | C38: MS/0854/2023 | D38: HD/0290/2023 | E38: KB/0399/2025 | F38: MN/0122/2020
A39: =A38+1 -> 38 | B39: PC/0562/2021 | C39: MS/0002/2019 | D39: HD/1181/2025 | E39: KB/0400/2025 | F39: MN/0277/2025
... A41: =A40+1 -> 40 | B41: PC/0400/2021 | C41: MS/0221/2019 | D41: HD/1068/2025 | E41: KB/0401/2025 | F41: MN/0098/2019
A42: =A41+1 -> 41 | B42: B3/230/63/2019 | C42: MS/1519/2025 | D42: HD/1069/2025 | E42: KB/1025/2019 | F42: MN/0181/2025 | G42: PUTIH
A43: =A42+1 -> 42 | B43: PC/0218/2021 | C43: PRIBADI | D43: X | E43: KB/0402/2025 | F43: MN/0182/2025
A44: =A43+1 -> 43 | B44: PC/0301/2021 | C44: MS/0003/2019 | D44: HD/1504/2025 | E44: KB/0549/2025 | F44: MN/0313/2019
A45: =A44+1 -> 44 | B45: PC/0313/2021 | C45: MS/1865/2025 | D45: HD/1469/2025 | E45: KB/0550/2025 | F45: MN/0410/2025
A46: =A45+1 -> 45 | B46: PC/0128/2021 | C46: 586 | D46: HD/1451/2025 | E46: B8/280/138/2019 | F46: MN/0118/2019
A47: =A46+1 -> 46 | B47: PC/0378/2021 | C47: MS/1866/2025 | D47: HD/1097/2022 | E47: KB/0551/2025 | F47: MN/0097/2019
A48: =A47+1 -> 47 | B48: PC/0335/2019 | C48: MS/0068/2019 | D48: HD/1075/2025 | E48: KB/0409/2025 | F48: MN/0188/2025
A49: =A48+1 -> 48 | B49: - | C49: - | D49: - | E49: - | F49: - | G49: KOSONG
A50: =A49+1 -> 49 | B50: PC/0572/2021 | C50: MS/1167/2023 | D50: X | E50: KB/0408/2025 | F50: MN/0187/2025
A51: =A50+1 -> 50 | B51: PC/0764/2020 | C51: MS/1523/2025 | D51: HD/1074/2025 | E51: KB/0406/2025 | F51: MN/0186/2025
A52: =A51+1 -> 51 | B52: B3/230/56/2019 | C52: MS/1522/2025 | D52: HD/1073/2025 | E52: KB/0407/2025 | F52: MN/0185/2025
A53: =A52+1 -> 52 | B53: PC/1140/2025 | C53: MS/0970/2023 | D53: HD/1072/2025 | E53: KB/0405/2025 | F53: MN/0132/2019
A54: =A53+1 -> 53 | B54: PC/0195/2021 | C54: MS/1521/2025 | D54: X | E54: KB/0404/2025 | F54: MN/0110/2020
A55: =A54+1 -> 54 | B55: PC/0435/2021 | C55: MS/1520/2025 | D55: HD/1071/2025 | E55: KB/0403/2025 | F55: MN/0184/2025
A56: =A55+1 -> 55 | B56: PC/1139/2025 | C56: MS/0575/2019 | D56: HD/1070/2025 | E56: KB/0179/2019 | F56: MN/0183/2025
A57: =A56+1 -> 56 | B57: PC/0582/2019 | C57: MS/1864/2025 | D57: HD/1097/2022 | E57: KB/0552/2025 | F57: MN/0408/2025
A58: =A57+1 -> 57 | B58: PC/0179/2020 | C58: MS/0307/2019 | D58: HD/1500/2025 | E58: KB/0676/2019 | F58: MN/0008/2020
A59: =A58+1 -> 58 | B59: PC/0256/2021 | C59: MS/1536/2025 | D59: HD/1093/2025 | E59: KB/0796/2019 | F59: MN/0200/2025
A60: =A59+1 -> 59 | B60: PC/0886/2020 | C60: MS/0014/2019 | D60: HD/1052/2022 | E60: KB/0777/2019 | F60: MN/0201/2025
A61: =A60+1 -> 60 | B61: PC/0528/2021 | C61: MS/1148/2023 | D61: HD/1094/2025 | E61: KB/0420/2025 | F61: MN/0709/2019
... A87: =A86+1 -> 86 | B87: PC/1144/2025 | C87: MS/1531/2025 | D87: HD/0929/2023 | E87: KB/0415/2025 | F87: PC/0143/2025
A88: =A87+1 -> 87 | B88: - | C88: - | D88: - | E88: - | F88: - | G88: KOSONG
A89: =A88+1 -> 88 | B89: PC/0020/2021 | C89: MS/1530/205 | D89: HD/1087/2025 | E89: KB/0020/2019 | F89: MN/0192/2025
A90: =A89+1 -> 89 | B90: PC/0127/2021 | C90: MS/1899/2025 | D90: HD/1086/2025 | E90: KB/0414/2024 | F90: MN/0019/2019
A91: =A90+1 -> 90 | B91: PC/0514/2019 | C91: MS/0018/2019 | D91: HD/1085/2025 | E91: KB/0413/2025 | F91: MN/0018/2019
A92: =A91+1 -> 91 | B92: PC/1143/2025 | C92: MS/1129/2025 | D92: HD/1084/2025 | E92: KB/0108/2019 | F92: MN/0108/2019
A93: =A92+1 -> 92 | B93: - | C93: - | D93: - | E93: - | F93: - | G93: KOSONG
A94: =A93+1 -> 93 | B94: PC/0603/2021 | C94: MS/0047/2019 | D94: HD/1083/2015 | E94: KB/0412/2025 | F94: MN/0032/2019
A95: =A94+1 -> 94 | B95: PC/1161/2025 | C95: MS/0210/2019 | D95: HD/1255/2025 | E95: KB/0334/2025 | F95: MN/0335/2025
A96: =A95+1 -> 95 | B96: PC/1154/2025 | C96: MS/1542/2025 | D96: HD/0908/2023 | E96: KB/0533/2025 | F96: MN/0334/2025
A97: =A96+1 -> 96 | B97: PC/0372/2021 | C97: MS/0030/2019 | D97: HD/1254/2025 | E97: KB/0532/2025 | F97: MN/0030/2019
A98: =A97+1 -> 97 | B98: - | C98: - | D98: - | E98: - | F98: - | G98: KOSONG
A99: =A98+1 -> 98 | B99: PC/0028/2021 | C99: MS/0142/2019 | D99: HD/1096/2022 | E99: KB/0531/2025 | F99: MN/0028/2019
A100: =A99+1 -> 99 | B100: PC/0027/2021 | C100: MS/0027/2019 | D100: HD/1253/2025 | E100: KB/0027/2019 | F100: MN/0027/2019
A101: =A100+1 -> 100 | B101: PC/0620/2021 | C101: MS/0028/2019 | D101: HD/1251/2025 | E101: KB/0530/2025 | F101: MN/0026/2019
A102: =A101+1 -> 101 | B102: PC/0409/2019 | C102: MS/0889/2023 | D102: HD/0912/2023 | E102: KB/0529/2025 | F102: MN/0033/2019
A103: =A102+1 -> 102 | B103: PC/0211/2021 | C103: MS/0124/2019 | D103: HD/1252/2025 | E103: KB/0528/2025 | F103: MN/0024/2019
A104: =A103+1 -> 103 | B104: PC/0882/2020 | C104: MS/0793/2023 | D104: HD/1261/2025 | E104: KB/0539/2025 | F104: MN/0353/2025
A105: =A104+1 -> 104 | B105: PC/1158/2025 | C105: PRIBADI | D105: HD/1260/2025 | E105: KB/0040/2019 | F105: MN/0337/2025
A106: =A105+1 -> 105 | B106: PC/0039/2021 | C106: MS/1663/2025 | D106: HD/0931/2023 | E106: KB/0039/2019 | F106: MN/0039/2019
A107: =A106+1 -> 106 | B107: PC/0666/2020 | C107: MS/1664/2025 | D107: HD/0945/2023 | E107: KB/0548/2025 | F107: MN/0355/2025
A108: =A107+1 -> 107 | B108: PC/0037/2021 | C108: PRIBADI | D108: HD/1259/2025 | E108: PRIBADI | F108: MN/0037/2019
A109: =A108+1 -> 108 | B109: PC/0434/2021 | C109: MS/1665/2025 | D109: HD/1053/2022 | E109: KB/0036/2019 | F109: MN/0036/2019
A110: =A109+1 -> 109 | B110: PC/1159/2025 | C110: X | D110: HD/1258/2025 | E110: KB/0537/2025 | F110: MN/0354/2025
... A121: =A120+1 -> 120 | B121: PC/1160/2025 | C121: MS/1892/2025 | D121: X | E121: KB/0546/2025 | F121: MN/0139/2019
A122: =A121+1 -> 121 | B122: PC/1202/2025 | C122: MS/1908/2025 | D122: HD/1275/2025 | E122: KB/0542/2025 | F122: MN/0348/2025 | G122: PUTIH
A123: =A122+1 -> 122 | B123: PC/0050/2021 | C123: MS/1906/2025 | D123: HD/0904/2023 | E123: KB/0058/2029 | F123: MN/0058/2019
A124: =A123+1 -> 123 | B124: PC/0057/2021 | C124: MS/0031/2019 | D124: HD/0928/2023 | E124: KB/0543/2025 | F124: MN/0057/2019
A125: =A124+1 -> 124 | B125: PC/0056/2021 | C125: MS/0050/2019 | D125: HD/1274/2025 | E125: KB/0054/2019 | F125: MN/0221/2019
A126: =A125+1 -> 125 | B126: PC/0055/2021 | C126: MS/0903/2023 | D126: HD/0921/2023 | E126: KB/0055/2019 | F126: MN/0055/2019
A127: =A126+1 -> 126 | B127: PC/0054/2021 | C127: MS/0101/2019 | D127: HD/1271/2025 | E127: KB/0047/2019 | F127: MN/0054/2019
A128: =A127+1 -> 127 | B128: PC/1205/2025 | C128: MS/1907/2025 | D128: HD/1553/2025 | E128: KB/0541/2025 | F128: MN/0344/2025
A129: =A128+1 -> 128 | B129: PC/02852021 | C129: MS/1893/2025 | D129: HD/1272/2025 | E129: 277 | F129: MN/0340/2025
A130: =A129+1 -> 129 | B130: PC/0874/2020 | C130: MS/1389/2022 | D130: HD/1273/2025 | E130: KB/0719/2025 | F130: MN/0341/2025
A131: =A130+1 -> 130 | B131: - | C131: - | D131: - | E131: - | F131: - | G131: KOSONG
A132: =A131+1 -> 131 | B132: PC/0283/2021 | C132: MS/0065/2019 | D132: HD/1276/2025 | E132: KB/0592/2025 | F132: MN/0067/2019
A133: =A132+1 -> 132 | B133: PC/1198/2025 | C133: - | D133: HD/0922/2023 | E133: KB/0066/2019 | F133: MN/0066/2019
A134: =A133+1 -> 133 | B134: PC/0579/2021 | C134: MS/1611/2025 | D134: HD/1269/2025 | E134: KB/0065/2019 | F134: MN/0065/2019
A135: =A134+1 -> 134 | B135: PC/1197/2025 | C135: MS/1608/2025 | D135: HD/1440/2025 | E135: KB/0034/2019 | F135: MN/0064/2019
A136: =A135+1 -> 135 | B136: PC/1204/2025 | C136: MS/1859/2025 | D136: HD/1462/2025 | E136: KB/0023/2019 | F136: MN/0063/2019
A137: =A136+1 -> 136 | B137: PC/0062/2021 | C137: MS/1163/2023 | D137: HD/1270/2025 | E137: KB/0605/2025 | F137: MN/0062/2019
A138: =A137+1 -> 137 | B138: PC/0100/2021 | C138: MS/1895/2025 | D138: HD/1277/2025 | E138: KB/0600/2025 | F138: MN/0061/2019
A139: =A138+1 -> 138 | B139: - | C139: - | D139: - | E139: - | F139: - | G139: KOSONG
A140: =A139+1 -> 139 | B140: PC/1213/2025 | C140: MS/0079/2019 | D140: HD/1459/2025 | E140: KB/0710/2019 | F140: MN/0347/2025
A141: =A140+1 -> 140 | B141: - | C141: - | D141: - | E141: - | F141: - | G141: KOSONG
A142: =A141+1 -> 141 | B142: PC/1203/2025 | C142: MS/1156/2023 | D142: - | E142: KB/0064/2019 | F142: MN/0547/2025
A143: =A142+1 -> 142 | B143: PC/0074/2021 | C143: MS/1615/2025 | D143: HD/1441/2025 | E143: KB/0690/2025 | F143: MN/0446/2025
A144: =A143+1 -> 143 | B144: PC/0591/2021 | C144: MS/1609/2025 | D144: HD/0933/2023 | E144: KB/0540/2025 | F144: MN/0073/2019
A145: =A144+1 -> 144 | B145: PC/0063/2021 | C145: MS/0951/2033 | D145: HD/1460/2025 | E145: KB/0606/2025 | F145: MN/0072/2019
A146: =A145+1 -> 145 | B146: PC/0342/2021 | C146: MS/0006/2019 | D146: HD/1442/2025 | E146: KB/0067/2019 | F146: MN/0071/2019
A147: =A146+1 -> 146 | B147: PC/0809/2020 | C147: MS/1614/2025 | D147: HD/1463/2025 | E147: 570 | F147: MN/0345/2025
...

Sheet MONITOR - NO INV
B1: NOMOR INVENTARIS TERAKHIR = MN/0180/2021
A3: NO | B3: NAMA ASET | C3: NO INVENTARIS | D3: STIKER TERTEMPEL | E3: STIKER BLM TERTEMPEL | F3: KETERANGAN | H3: KODE | I3: NOMOR | J3: TAHUN
A4: 1 | B4: Monitor | C4: =H4&"/"&I4&"/"&J4 -> MN/0181/2025 | D4: TRUE | E4: FALSE | H4: MN | I4: 0181 | J4: 2025
A5: =A4+1 -> 2 | B5: Monitor | C5: =H5&"/"&I5&"/"&J5 -> MN/0182/2025 | D5: TRUE | E5: FALSE | H5: MN | I5: 0182 | J5: 2025
A6: =A5+1 -> 3 | B6: Monitor | C6: =H6&"/"&I6&"/"&J6 -> MN/0183/2025 | D6: TRUE | E6: FALSE | H6: MN | I6: 0183 | J6: 2025
A7: =A6+1 -> 4 | B7: Monitor | C7: =H7&"/"&I7&"/"&J7 -> MN/0184/2025 | D7: TRUE | E7: FALSE | H7: MN | I7: 0184 | J7: 2025
A8: =A7+1 -> 5 | B8: Monitor | C8: =H8&"/"&I8&"/"&J8 -> MN/0185/2025 | D8: TRUE | E8: FALSE | H8: MN | I8: 0185 | J8: 2025
A9: =A8+1 -> 6 | B9: Monitor | C9: =H9&"/"&I9&"/"&J9 -> MN/0186/2025 | D9: TRUE | E9: FALSE | H9: MN | I9: 0186 | J9: 2025
A10: =A9+1 -> 7 | B10: Monitor | C10: =H10&"/"&I10&"/"&J10 -> MN/0187/2025 | D10: TRUE | E10: FALSE | H10: MN | I10: 0187 | J10: 2025
A11: =A10+1 -> 8 | B11: Monitor | C11: =H11&"/"&I11&"/"&J11 -> MN/0188/2025 | D11: TRUE | E11: FALSE | H11: MN | I11: 0188 | J11: 2025
A12: =A11+1 -> 9 | B12: Monitor | C12: =H12&"/"&I12&"/"&J12 -> MN/0189/2025 | D12: TRUE | E12: FALSE | H12: MN | I12: 0189 | J12: 2025
A13: =A12+1 -> 10 | B13: Monitor | C13: =H13&"/"&I13&"/"&J13 -> MN/0190/2025 | D13: TRUE | E13: FALSE | H13: MN | I13: 0190 | J13: 2025
A14: =A13+1 -> 11 | B14: Monitor | C14: =H14&"/"&I14&"/"&J14 -> MN/0191/2025 | D14: TRUE | E14: FALSE | H14: MN | I14: 0191 | J14: 2025
A15: =A14+1 -> 12 | B15: Monitor | C15: =H15&"/"&I15&"/"&J15 -> MN/0192/2025 | D15: TRUE | E15: FALSE | H15: MN | I15: 0192 | J15: 2025
A16: =A15+1 -> 13 | B16: Monitor | C16: =H16&"/"&I16&"/"&J16 -> MN/0193/2025 | D16: TRUE | E16: FALSE | H16: MN | I16: 0193 | J16: 2025
... A178: =A177+1 -> 175 | B178: Monitor | C178: =H178&"/"&I178&"/"&J178 -> MN/0355/2025 | D178: TRUE | E178: FALSE | H178: MN | I178: 0355 | J178: 2025
A179: =A178+1 -> 176 | B179: Monitor | C179: =H179&"/"&I179&"/"&J179 -> MN/0356/2025 | D179: TRUE | E179: FALSE | H179: MN | I179: 0356 | J179: 2025 | K179: DITEMPEL MANAGEMENT
A180: =A179+1 -> 177 | B180: Monitor | C180: =H180&"/"&I180&"/"&J180 -> MN/0357/2025 | D180: TRUE | E180: FALSE | H180: MN | I180: 0357 | J180: 2025
A181: =A180+1 -> 178 | B181: Monitor | C181: =H181&"/"&I181&"/"&J181 -> MN/0358/2025 | D181: TRUE | E181: FALSE | H181: MN | I181: 0358 | J181: 2025
A182: =A181+1 -> 179 | B182: Monitor | C182: =H182&"/"&I182&"/"&J182 -> MN/0359/2025 | D182: TRUE | E182: FALSE | H182: MN | I182: 0359 | J182: 2025
A183: =A182+1 -> 180 | B183: Monitor | C183: =H183&"/"&I183&"/"&J183 -> MN/0360/2025 | D183: TRUE | E183: FALSE | H183: MN | I183: 0360 | J183: 2025
A184: =A183+1 -> 181 | B184: Monitor | C184: =H184&"/"&I184&"/"&J184 -> MN/0361/2025 | D184: TRUE | E184: FALSE | H184: MN | I184: 0361 | J184: 2025
A185: =A184+1 -> 182 | B185: Monitor | C185: =H185&"/"&I185&"/"&J185 -> MN/0362/2025 | D185: TRUE | E185: FALSE | H185: MN | I185: 0362 | J185: 2025
A186: =A185+1 -> 183 | B186: Monitor | C186: =H186&"/"&I186&"/"&J186 -> MN/0363/2025 | D186: TRUE | E186: FALSE | H186: MN | I186: 0363 | J186: 2025
A187: =A186+1 -> 184 | B187: Monitor | C187: =H187&"/"&I187&"/"&J187 -> MN/0364/2025 | D187: TRUE | E187: FALSE | H187: MN | I187: 0364 | J187: 2025
A188: =A187+1 -> 185 | B188: Monitor | C188: =H188&"/"&I188&"/"&J188 -> MN/0365/2025 | D188: TRUE | E188: FALSE | H188: MN | I188: 0365 | J188: 2025
A189: =A188+1 -> 186 | B189: Monitor | C189: =H189&"/"&I189&"/"&J189 -> MN/0366/2025 | D189: TRUE | E189: FALSE | F189: 29/02/2025 | H189: MN | I189: 0366 | J189: 2025
A190: =A189+1 -> 187 | B190: Monitor | C190: =H190&"/"&I190&"/"&J190 -> MN/0367/2025 | D190: TRUE | E190: FALSE | F190: 29/02/2025 | H190: MN | I190: 0367 | J190: 2025
A191: =A190+1 -> 188 | B191: Monitor | C191: =H191&"/"&I191&"/"&J191 -> MN/0368/2025 | D191: TRUE | E191: FALSE | H191: MN | I191: 0368 | J191: 2025
A192: =A191+1 -> 189 | B192: Monitor | C192: =H192&"/"&I192&"/"&J192 -> MN/0369/2025 | D192: TRUE | E192: FALSE | F192: 29/02/2025 | H192: MN | I192: 0369 | J192: 2025
A193: =A192+1 -> 190 | B193: Monitor | C193: =H193&"/"&I193&"/"&J193 -> MN/0370/2025 | D193: TRUE | E193: FALSE | F193: 29/02/2025 | H193: MN | I193: 0370 | J193: 2025
A194: =A193+1 -> 191 | B194: Monitor | C194: =H194&"/"&I194&"/"&J194 -> MN/0371/2025 | D194: TRUE | E194: FALSE | F194: 29/02/2025 | H194: MN | I194: 0371 | J194: 2025
A195: =A194+1 -> 192 | B195: Monitor | C195: =H195&"/"&I195&"/"&J195 -> MN/0372/2025 | D195: TRUE | E195: FALSE | F195: 29/02/2025 | H195: MN | I195: 0372 | J195: 2025
A196: =A195+1 -> 193 | B196: Monitor | C196: =H196&"/"&I196&"/"&J196 -> MN/0373/2025 | D196: TRUE | E196: FALSE | F196: 29/02/2025 | H196: MN | I196: 0373 | J196: 2025
A197: =A196+1 -> 194 | B197: Monitor | C197: =H197&"/"&I197&"/"&J197 -> MN/0374/2025 | D197: TRUE | E197: FALSE | F197: 29/02/2025 | H197: MN | I197: 0374 | J197: 2025
A198: =A197+1 -> 195 | B198: Monitor | C198: =H198&"/"&I198&"/"&J198 -> MN/0375/2025 | D198: TRUE | E198: FALSE | F198: 29/02/2025 | H198: MN | I198: 0375 | J198: 2025
A199: =A198+1 -> 196 | B199: Monitor | C199: =H199&"/"&I199&"/"&J199 -> MN/0376/2025 | D199: TRUE | E199: FALSE | F199: 29/02/2025 | H199: MN | I199: 0376 | J199: 2025
A200: =A199+1 -> 197 | B200: Monitor | C200: =H200&"/"&I200&"/"&J200 -> MN/0377/2025 | D200: TRUE | E200: FALSE | F200: 29/02/2025 | H200: MN | I200: 0377 | J200: 2025
A201: =A200+1 -> 198 | B201: Monitor | C201: =H201&"/"&I201&"/"&J201 -> MN/0378/2025 | D201: TRUE | E201: FALSE | F201: 29/02/2025 | H201: MN | I201: 0378 | J201: 2025
A202: =A201+1 -> 199 | B202: Monitor | C202: =H202&"/"&I202&"/"&J202 -> MN/0379/2025 | D202: TRUE | E202: FALSE | F202: 29/02/2025 | H202: MN | I202: 0379 | J202: 2025
A203: =A202+1 -> 200 | B203: Monitor | C203: =H203&"/"&I203&"/"&J203 -> MN/0380/2025 | D203: TRUE | E203: FALSE | F203: 29/02/2025 | H203: MN | I203: 0380 | J203: 2025
A204: =A203+1 -> 201 | B204: Monitor | C204: =H204&"/"&I204&"/"&J204 -> MN/0381/2025 | D204: TRUE | E204: FALSE | H204: MN | I204: 0381 | J204: 2025
A205: =A204+1 -> 202 | B205: Monitor | C205: =H205&"/"&I205&"/"&J205 -> MN/0382/2025 | D205: TRUE | E205: FALSE | H205: MN | I205: 0382 | J205: 2025
A206: =A205+1 -> 203 | B206: Monitor | C206: =H206&"/"&I206&"/"&J206 -> MN/0383/2025 | D206: TRUE | E206: FALSE | H206: MN | I206: 0383 | J206: 2025
A207: =A206+1 -> 204 | B207: Monitor | C207: =H207&"/"&I207&"/"&J207 -> MN/0384/2025 | D207: TRUE | E207: FALSE | H207: MN | I207: 0384 | J207: 2025
A208: =A207+1 -> 205 | B208: Monitor | C208: =H208&"/"&I208&"/"&J208 -> MN/0385/2025 | D208: TRUE | E208: FALSE | H208: MN | I208: 0385 | J208: 2025
A209: =A208+1 -> 206 | B209: Monitor | C209: =H209&"/"&I209&"/"&J209 -> MN/0386/2025 | D209: TRUE | E209: FALSE | H209: MN | I209: 0386 | J209: 2025
A210: =A209+1 -> 207 | B210: Monitor | C210: =H210&"/"&I210&"/"&J210 -> MN/0387/2025 | D210: TRUE | E210: FALSE | H210: MN | I210: 0387 | J210: 2025
A211: =A210+1 -> 208 | B211: Monitor | C211: =H211&"/"&I211&"/"&J211 -> MN/0388/2025 | D211: TRUE | E211: FALSE | H211: MN | I211: 0388 | J211: 2025
A212: =A211+1 -> 209 | B212: Monitor | C212: =H212&"/"&I212&"/"&J212 -> MN/0389/2025 | D212: TRUE | E212: FALSE | H212: MN | I212: 0389 | J212: 2025
A213: =A212+1 -> 210 | B213: Monitor | C213: =H213&"/"&I213&"/"&J213 -> MN/0390/2025 | D213: TRUE | E213: FALSE | H213: MN | I213: 0390 | J213: 2025
A214: =A213+1 -> 211 | B214: Monitor | C214: =H214&"/"&I214&"/"&J214 -> MN/0391/2025 | D214: TRUE | E214: FALSE | H214: MN | I214: 0391 | J214: 2025
A215: =A214+1 -> 212 | B215: Monitor | C215: =H215&"/"&I215&"/"&J215 -> MN/0392/2025 | D215: TRUE | E215: FALSE | H215: MN | I215: 0392 | J215: 2025
... A299: =A298+1 -> 296 | B299: Monitor | C299: =H299&"/"&I299&"/"&J299 -> MN/0476/2025 | D299: TRUE | E299: FALSE | H299: MN | I299: 0476 | J299: 2025
A300: =A299+1 -> 297 | B300: Monitor | C300: =H300&"/"&I300&"/"&J300 -> MN/0477/2025 | D300: TRUE | E300: FALSE | F300: 29/02/2025 | H300: MN | I300: 0477 | J300: 2025
A301: =A300+1 -> 298 | B301: Monitor | C301: =H301&"/"&I301&"/"&J301 -> MN/0478/2025 | D301: TRUE | E301: FALSE | F301: 29/02/2025 | H301: MN | I301: 0478 | J301: 2025
A302: =A301+1 -> 299 | B302: Monitor | C302: =H302&"/"&I302&"/"&J302 -> MN/0479/2025 | D302: TRUE | E302: FALSE | F302: 29/02/2025 | H302: MN | I302: 0479 | J302: 2025
A303: =A302+1 -> 300 | B303: Monitor | C303: =H303&"/"&I303&"/"&J303 -> MN/0480/2025 | D303: TRUE | E303: FALSE | F303: 29/02/2025 | H303: MN | I303: 0480 | J303: 2025
A304: =A303+1 -> 301 | B304: Monitor | C304: =H304&"/"&I304&"/"&J304 -> MN/0481/2025 | D304: TRUE | E304: FALSE | F304: 29/02/2025 | H304: MN | I304: 0481 | J304: 2025
A305: =A304+1 -> 302 | B305: Monitor | C305: =H305&"/"&I305&"/"&J305 -> MN/0482/2025 | D305: TRUE | E305: FALSE | F305: 29/02/2025 | H305: MN | I305: 0482 | J305: 2025
A306: =A305+1 -> 303 | B306: Monitor | C306: =H306&"/"&I306&"/"&J306 -> MN/0483/2025 | D306: TRUE | E306: FALSE | F306: 29/02/2025 | H306: MN | I306: 0483 | J306: 2025
A307: =A306+1 -> 304 | B307: Monitor | C307: =H307&"/"&I307&"/"&J307 -> MN/0484/2025 | D307: TRUE | E307: FALSE | F307: 29/02/2025 | H307: MN | I307: 0484 | J307: 2025
A308: =A307+1 -> 305 | B308: Monitor | C308: =H308&"/"&I308&"/"&J308 -> MN/0485/2025 | D308: TRUE | E308: FALSE | H308: MN | I308: 0485 | J308: 2025
A309: =A308+1 -> 306 | B309: Monitor | C309: =H309&"/"&I309&"/"&J309 -> MN/0486/2025 | D309: TRUE | E309: FALSE | H309: MN | I309: 0486 | J309: 2025
A310: =A309+1 -> 307 | B310: Monitor | C310: =H310&"/"&I310&"/"&J310 -> MN/0487/2025 | D310: TRUE | E310: FALSE | H310: MN | I310: 0487 | J310: 2025
A311: =A310+1 -> 308 | B311: Monitor | C311: =H311&"/"&I311&"/"&J311 -> MN/0488/2025 | D311: TRUE | E311: FALSE | H311: MN | I311: 0488 | J311: 2025
A312: =A311+1 -> 309 | B312: Monitor | C312: =H312&"/"&I312&"/"&J312 -> MN/0489/2025 | D312: TRUE | E312: FALSE | H312: MN | I312: 0489 | J312: 2025
A313: =A312+1 -> 310 | B313: Monitor | C313: =H313&"/"&I313&"/"&J313 -> MN/0490/2025 | D313: TRUE | E313: FALSE | H313: MN | I313: 0490 | J313: 2025
A314: =A313+1 -> 311 | B314: Monitor | C314: =H314&"/"&I314&"/"&J314 -> MN/0491/2025 | D314: TRUE | E314: FALSE | H314: MN | I314: 0491 | J314: 2025
A315: =A314+1 -> 312 | B315: Monitor | C315: =H315&"/"&I315&"/"&J315 -> MN/0492/2025 | D315: TRUE | E315: FALSE | H315: MN | I315: 0492 | J315: 2025
A316: =A315+1 -> 313 | B316: Monitor | C316: =H316&"/"&I316&"/"&J316 -> MN/0493/2025 | D316: TRUE | E316: FALSE | H316: MN | I316: 0493 | J316: 2025
A317: =A316+1 -> 314 | B317: Monitor | C317: =H317&"/"&I317&"/"&J317 -> MN/0494/2025 | D317: TRUE | E317: FALSE | H317: MN | I317: 0494 | J317: 2025
A318: =A317+1 -> 315 | B318: Monitor | C318: =H318&"/"&I318&"/"&J318 -> MN/0495/2025 | D318: TRUE | E318: FALSE | H318: MN | I318: 0495 | J318: 2025
A319: =A318+1 -> 316 | B319: Monitor | C319: =H319&"/"&I319&"/"&J319 -> MN/0496/2025 | D319: TRUE | E319: FALSE | H319: MN | I319: 0496 | J319: 2025
... A361: =A360+1 -> 358 | B361: Monitor | C361: =H361&"/"&I361&"/"&J361 -> MN/0538/2025 | D361: TRUE | E361: FALSE | H361: MN | I361: 0538 | J361: 2025
A362: =A361+1 -> 359 | B362: Monitor | C362: =H362&"/"&I362&"/"&J362 -> MN/0539/2025 | D362: TRUE | E362: FALSE | F362: 29/02/2025 | H362: MN | I362: 0539 | J362: 2025
A363: =A362+1 -> 360 | B363: Monitor | C363: =H363&"/"&I363&"/"&J363 -> MN/0540/2025 | D363: TRUE | E363: FALSE | H363: MN | I363: 0540 | J363: 2025
A364: =A363+1 -> 361 | B364: Monitor | C364: =H364&"/"&I364&"/"&J364 -> MN/0541/2025 | D364: TRUE | E364: FALSE | H364: MN | I364: 0541 | J364: 2025
A365: =A364+1 -> 362 | B365: Monitor | C365: =H365&"/"&I365&"/"&J365 -> MN/0542/2025 | D365: TRUE | E365: FALSE | H365: MN | I365: 0542 | J365: 2025
A366: =A365+1 -> 363 | B366: Monitor | C366: =H366&"/"&I366&"/"&J366 -> MN/0543/2025 | D366: TRUE | E366: FALSE | H366: MN | I366: 0543 | J366: 2025
A367: =A366+1 -> 364 | B367: Monitor | C367: =H367&"/"&I367&"/"&J367 -> MN/0544/2025 | D367: TRUE | E367: FALSE | H367: MN | I367: 0544 | J367: 2025
A368: =A367+1 -> 365 | B368: Monitor | C368: =H368&"/"&I368&"/"&J368 -> MN/0545/2025 | D368: TRUE | E368: FALSE | H368: MN | I368: 0545 | J368: 2025
A369: =A368+1 -> 366 | B369: Monitor | C369: =H369&"/"&I369&"/"&J369 -> MN/0546/2025 | D369: TRUE | E369: FALSE | H369: MN | I369: 0546 | J369: 2025
A370: =A369+1 -> 367 | B370: Monitor | C370: =H370&"/"&I370&"/"&J370 -> MN/0547/2025 | D370: TRUE | E370: FALSE | H370: MN | I370: 0547 | J370: 2025
A371: =A370+1 -> 368 | B371: Monitor | C371: =H371&"/"&I371&"/"&J371 -> MN/0548/2025 | D371: TRUE | E371: FALSE | H371: MN | I371: 0548 | J371: 2025
A372: =A371+1 -> 369 | B372: Monitor | C372: =H372&"/"&I372&"/"&J372 -> MN/0549/2025 | D372: TRUE | E372: FALSE | H372: MN | I372: 0549 | J372: 2025
A373: =A372+1 -> 370 | B373: Monitor | C373: =H373&"/"&I373&"/"&J373 -> MN/0550/2025 | D373: TRUE | E373: FALSE | F373: 29/02/2025 | H373: MN | I373: 0550 | J373: 2025
A374: =A373+1 -> 371 | B374: Monitor | C374: =H374&"/"&I374&"/"&J374 -> MN/0551/2025 | D374: TRUE | E374: FALSE | H374: MN | I374: 0551 | J374: 2025
A375: =A374+1 -> 372 | B375: Monitor | C375: =H375&"/"&I375&"/"&J375 -> MN/0552/2025 | D375: TRUE | E375: FALSE | H375: MN | I375: 0552 | J375: 2025
A376: =A375+1 -> 373 | B376: Monitor | C376: =H376&"/"&I376&"/"&J376 -> MN/0553/2025 | D376: TRUE | E376: FALSE | H376: MN | I376: 0553 | J376: 2025
A377: =A376+1 -> 374 | B377: Monitor | C377: =H377&"/"&I377&"/"&J377 -> MN/0554/2025 | D377: TRUE | E377: FALSE | H377: MN | I377: 0554 | J377: 2025
A378: =A377+1 -> 375 | B378: Monitor | C378: =H378&"/"&I378&"/"&J378 -> MN/0555/2025 | D378: TRUE | E378: FALSE | H378: MN | I378: 0555 | J378: 2025
A379: =A378+1 -> 376 | B379: Monitor | C379: =H379&"/"&I379&"/"&J379 -> MN/0556/2025 | D379: TRUE | E379: FALSE | H379: MN | I379: 0556 | J379: 2025
A380: =A379+1 -> 377 | B380: Monitor | C380: =H380&"/"&I380&"/"&J380 -> MN/0557/2025 | D380: TRUE | E380: FALSE | H380: MN | I380: 0557 | J380: 2025
A381: =A380+1 -> 378 | B381: Monitor | C381: =H381&"/"&I381&"/"&J381 -> MN/0558/2025 | D381: TRUE | E381: FALSE | H381: MN | I381: 0558 | J381: 2025
A382: =A381+1 -> 379 | B382: Monitor | C382: =H382&"/"&I382&"/"&J382 -> MN/0559/2025 | D382: TRUE | E382: FALSE | H382: MN | I382: 0559 | J382: 2025
A383: =A382+1 -> 380 | B383: Monitor | C383: =H383&"/"&I383&"/"&J383 -> MN/0560/2025 | D383: TRUE | E383: FALSE | H383: MN | I383: 0560 | J383: 2025
A384: =A383+1 -> 381 | B384: Monitor | C384: =H384&"/"&I384&"/"&J384 -> MN/0561/2025 | D384: TRUE | E384: FALSE | H384: MN | I384: 0561 | J384: 2025
A385: =A384+1 -> 382 | B385: Monitor | C385: =H385&"/"&I385&"/"&J385 -> MN/0562/2025 | D385: TRUE | E385: FALSE | H385: MN | I385: 0562 | J385: 2025
... A394: =A393+1 -> 391 | B394: Monitor | C394: =H394&"/"&I394&"/"&J394 -> MN/0571/2025 | D394: TRUE | E394: FALSE | H394: MN | I394: 0571 | J394: 2025
...

Sheet MONITOR - INVENTARIS
A1: NO | B1: NAMA ASET | C1: NO INVENTARIS | D1: TERPAKAI | E1: RUSAK | F1: PERBAIKI | G1: KETERANGAN
A2: 1 | B2: Monitor | C2: 9 | D2: TRUE | E2: FALSE | F2: FALSE
A3: =A2+1 -> 2 | B3: Monitor | C3: 20 | D3: TRUE | E3: FALSE | F3: FALSE
A4: =A3+1 -> 3 | B4: Monitor | C4: 21 | D4: TRUE | E4: FALSE | F4: FALSE
A5: =A4+1 -> 4 | B5: Monitor | C5: 28 | D5: TRUE | E5: FALSE | F5: FALSE
A6: =A5+1 -> 5 | B6: Monitor | C6: 33 | D6: TRUE | E6: FALSE | F6: FALSE
A7: =A6+1 -> 6 | B7: Monitor | C7: 35 | D7: TRUE | E7: FALSE | F7: FALSE
A8: =A7+1 -> 7 | B8: Monitor | C8: 44 | D8: TRUE | E8: FALSE | F8: FALSE
A9: =A8+1 -> 8 | B9: Monitor | C9: 47 | D9: TRUE | E9: FALSE | F9: FALSE
A10: =A9+1 -> 9 | B10: Monitor | C10: 49 | D10: TRUE | E10: FALSE | F10: FALSE
A11: =A10+1 -> 10 | B11: Monitor | C11: 54 | D11: TRUE | E11: FALSE | F11: FALSE
A12: =A11+1 -> 11 | B12: Monitor | C12: 62 | D12: TRUE | E12: FALSE | F12: FALSE
A13: =A12+1 -> 12 | B13: Monitor | C13: 72 | D13: TRUE | E13: FALSE | F13: FALSE
A14: =A13+1 -> 13 | B14: Monitor | C14: 80 | D14: TRUE | E14: FALSE | F14: FALSE
... A177: =A176+1 -> 176 | B177: Monitor | C177: 966 | D177: TRUE | E177: FALSE | F177: FALSE
A178: =A177+1 -> 177 | B178: Monitor | C178: B.3/203/102/2019 | D178: TRUE | E178: FALSE | F178: FALSE
A179: =A178+1 -> 178 | B179: Monitor | C179: B.3/230/05/2019 | D179: TRUE | E179: FALSE | F179: FALSE
A180: =A179+1 -> 179 | B180: Monitor | C180: B.3/230/08/2019 | D180: TRUE | E180: FALSE | F180: FALSE
A181: =A180+1 -> 180 | B181: Monitor | C181: B.3/230/106/2019 | D181: TRUE | E181: FALSE | F181: FALSE
A182: =A181+1 -> 181 | B182: Monitor | C182: B.3/230/111/2019 | D182: TRUE | E182: FALSE | F182: FALSE
A183: =A182+1 -> 182 | B183: Monitor | C183: B.3/230/112/2019 | D183: TRUE | E183: FALSE | F183: FALSE
A184: =A183+1 -> 183 | B184: Monitor | C184: B.3/230/113/2019 | D184: TRUE | E184: FALSE | F184: FALSE
A185: =A184+1 -> 184 | B185: Monitor | C185: B.3/230/115/2019 | D185: TRUE | E185: FALSE | F185: FALSE
A186: =A185+1 -> 185 | B186: Monitor | C186: B.3/230/121/2019 | D186: TRUE | E186: FALSE | F186: FALSE
A187: =A186+1 -> 186 | B187: Monitor | C187: B.3/230/123/2019 | D187: TRUE | E187: FALSE | F187: FALSE
A188: =A187+1 -> 187 | B188: Monitor | C188: B.3/230/135/2019 | D188: TRUE | E188: FALSE | F188: FALSE
A189: =A188+1 -> 188 | B189: Monitor | C189: B.3/230/141/2019 | D189: TRUE | E189: FALSE | F189: FALSE
... A1084: =A1083+1 -> 1083 | B1084: Monitor | C1084: MN/0474/2025 | D1084: TRUE | E1084: FALSE | F1084: FALSE
A1085: =A1084+1 -> 1084 | B1085: Monitor
A1086: =A1085+1 -> 1085 | B1086: Monitor
A1087: =A1086+1 -> 1086 | B1087: Monitor
A1088: =A1087+1 -> 1087 | B1088: Monitor
A1089: =A1088+1 -> 1088 | B1089: Monitor
A1090: =A1089+1 -> 1089 | B1090: Monitor
A1091: =A1090+1 -> 1090 | B1091: Monitor
A1092: =A1091+1 -> 1091 | B1092: Monitor
A1093: =A1092+1 -> 1092 | B1093: Monitor
A1094: =A1093+1 -> 1093 | B1094: Monitor
A1095: =A1094+1 -> 1094 | B1095: Monitor

Sheet KEYBOARD - NO INV
B1: NOMOR INVENTARIS TERAKHIR = KB/0323/2021
A3: NO | B3: NAMA ASET | C3: NO INVENTARIS | D3: STIKER TERTEMPEL | E3: STIKER BLM TERTEMPEL | F3: KETERANGAN | H3: KODE | I3: NOMOR | J3: TAHUN
A4: 1 | B4: Keyboard | C4: =H4&"/"&I4&"/"&J4 -> KB/0324/2025 | D4: TRUE | E4: FALSE | H4: KB | I4: 0324 | J4: 2025
A5: =A4+1 -> 2 | B5: Keyboard | C5: =H5&"/"&I5&"/"&J5 -> KB/0325/2025 | D5: TRUE | E5: FALSE | H5: KB | I5: 0325 | J5: 2025
A6: =A5+1 -> 3 | B6: Keyboard | C6: =H6&"/"&I6&"/"&J6 -> KB/0326/2025 | D6: TRUE | E6: FALSE | H6: KB | I6: 0326 | J6: 2025
A7: =A6+1 -> 4 | B7: Keyboard | C7: =H7&"/"&I7&"/"&J7 -> KB/0327/2025 | D7: TRUE | E7: FALSE | H7: KB | I7: 0327 | J7: 2025
A8: =A7+1 -> 5 | B8: Keyboard | C8: =H8&"/"&I8&"/"&J8 -> KB/0328/2025 | D8: TRUE | E8: FALSE | H8: KB | I8: 0328 | J8: 2025
A9: =A8+1 -> 6 | B9: Keyboard | C9: =H9&"/"&I9&"/"&J9 -> KB/0329/2025 | D9: TRUE | E9: FALSE | H9: KB | I9: 0329 | J9: 2025
A10: =A9+1 -> 7 | B10: Keyboard | C10: =H10&"/"&I10&"/"&J10 -> KB/0330/2025 | D10: TRUE | E10: FALSE | H10: KB | I10: 0330 | J10: 2025
A11: =A10+1 -> 8 | B11: Keyboard | C11: =H11&"/"&I11&"/"&J11 -> KB/0331/2025 | D11: TRUE | E11: FALSE | H11: KB | I11: 0331 | J11: 2025
A12: =A11+1 -> 9 | B12: Keyboard | C12: =H12&"/"&I12&"/"&J12 -> KB/0332/2025 | D12: TRUE | E12: FALSE | H12: KB | I12: 0332 | J12: 2025
A13: =A12+1 -> 10 | B13: Keyboard | C13: =H13&"/"&I13&"/"&J13 -> KB/0333/2025 | D13: TRUE | E13: FALSE | H13: KB | I13: 0333 | J13: 2025
A14: =A13+1 -> 11 | B14: Keyboard | C14: =H14&"/"&I14&"/"&J14 -> KB/0334/2025 | D14: TRUE | E14: FALSE | H14: KB | I14: 0334 | J14: 2025
A15: =A14+1 -> 12 | B15: Keyboard | C15: =H15&"/"&I15&"/"&J15 -> KB/0335/2025 | D15: TRUE | E15: FALSE | H15: KB | I15: 0335 | J15: 2025
A16: =A15+1 -> 13 | B16: Keyboard | C16: =H16&"/"&I16&"/"&J16 -> KB/0336/2025 | D16: TRUE | E16: FALSE | H16: KB | I16: 0336 | J16: 2025
... A153: =A152+1 -> 150 | B153: Keyboard | C153: =H153&"/"&I153&"/"&J153 -> KB/0473/2025 | D153: TRUE | E153: FALSE | H153: KB | I153: 0473 | J153: 2025
A154: =A153+1 -> 151 | B154: Keyboard | C154: =H154&"/"&I154&"/"&J154 -> KB/0474/2025 | D154: TRUE | E154: FALSE | H154: KB | I154: 0474 | J154: 2025 | K154: DITEMPEL MANAGEMENT
A155: =A154+1 -> 152 | B155: Keyboard | C155: =H155&"/"&I155&"/"&J155 -> KB/0475/2025 | D155: TRUE | E155: FALSE | H155: KB | I155: 0475 | J155: 2025
A156: =A155+1 -> 153 | B156: Keyboard | C156: =H156&"/"&I156&"/"&J156 -> KB/0476/2025 | D156: TRUE | E156: FALSE | H156: KB | I156: 0476 | J156: 2025
A157: =A156+1 -> 154 | B157: Keyboard | C157: =H157&"/"&I157&"/"&J157 -> KB/0477/2025 | D157: TRUE | E157: FALSE | H157: KB | I157: 0477 | J157: 2025
A158: =A157+1 -> 155 | B158: Keyboard | C158: =H158&"/"&I158&"/"&J158 -> KB/0478/2025 | D158: TRUE | E158: FALSE | H158: KB | I158: 0478 | J158: 2025
A159: =A158+1 -> 156 | B159: Keyboard | C159: =H159&"/"&I159&"/"&J159 -> KB/0479/2025 | D159: TRUE | E159: FALSE | H159: KB | I159: 0479 | J159: 2025
A160: =A159+1 -> 157 | B160: Keyboard | C160: =H160&"/"&I160&"/"&J160 -> KB/0480/2025 | D160: TRUE | E160: FALSE | H160: KB | I160: 0480 | J160: 2025
A161: =A160+1 -> 158 | B161: Keyboard | C161: =H161&"/"&I161&"/"&J161 -> KB/0481/2025 | D161: TRUE | E161: FALSE | H161: KB | I161: 0481 | J161: 2025
A162: =A161+1 -> 159 | B162: Keyboard | C162: =H162&"/"&I162&"/"&J162 -> KB/0482/2025 | D162: TRUE | E162: FALSE | F162: 45867 | H162: KB | I162: 0482 | J162: 2025
A163: =A162+1 -> 160 | B163: Keyboard | C163: =H163&"/"&I163&"/"&J163 -> KB/0483/2025 | D163: TRUE | E163: FALSE | F163: 45867 | H163: KB | I163: 0483 | J163: 2025
A164: =A163+1 -> 161 | B164: Keyboard | C164: =H164&"/"&I164&"/"&J164 -> KB/0484/2025 | D164: TRUE | E164: FALSE | H164: KB | I164: 0484 | J164: 2025
A165: =A164+1 -> 162 | B165: Keyboard | C165: =H165&"/"&I165&"/"&J165 -> KB/0485/2025 | D165: TRUE | E165: FALSE | H165: KB | I165: 0485 | J165: 2025
A166: =A165+1 -> 163 | B166: Keyboard | C166: =H166&"/"&I166&"/"&J166 -> KB/0486/2025 | D166: TRUE | E166: FALSE | H166: KB | I166: 0486 | J166: 2025
A167: =A166+1 -> 164 | B167: Keyboard | C167: =H167&"/"&I167&"/"&J167 -> KB/0487/2025 | D167: TRUE | E167: FALSE | F167: 45867 | H167: KB | I167: 0487 | J167: 2025
A168: =A167+1 -> 165 | B168: Keyboard | C168: =H168&"/"&I168&"/"&J168 -> KB/0488/2025 | D168: TRUE | E168: FALSE | F168: 45867 | H168: KB | I168: 0488 | J168: 2025
A169: =A168+1 -> 166 | B169: Keyboard | C169: =H169&"/"&I169&"/"&J169 -> KB/0489/2025 | D169: TRUE | E169: FALSE | F169: 45867 | H169: KB | I169: 0489 | J169: 2025
A170: =A169+1 -> 167 | B170: Keyboard | C170: =H170&"/"&I170&"/"&J170 -> KB/0490/2025 | D170: TRUE | E170: FALSE | F170: 45867 | H170: KB | I170: 0490 | J170: 2025
A171: =A170+1 -> 168 | B171: Keyboard | C171: =H171&"/"&I171&"/"&J171 -> KB/0491/2025 | D171: TRUE | E171: FALSE | F171: 45867 | H171: KB | I171: 0491 | J171: 2025
A172: =A171+1 -> 169 | B172: Keyboard | C172: =H172&"/"&I172&"/"&J172 -> KB/0492/2025 | D172: TRUE | E172: FALSE | F172: 45867 | H172: KB | I172: 0492 | J172: 2025
A173: =A172+1 -> 170 | B173: Keyboard | C173: =H173&"/"&I173&"/"&J173 -> KB/0493/2025 | D173: TRUE | E173: FALSE | F173: 45867 | H173: KB | I173: 0493 | J173: 2025
A174: =A173+1 -> 171 | B174: Keyboard | C174: =H174&"/"&I174&"/"&J174 -> KB/0494/2025 | D174: TRUE | E174: FALSE | F174: 45867 | H174: KB | I174: 0494 | J174: 2025
A175: =A174+1 -> 172 | B175: Keyboard | C175: =H175&"/"&I175&"/"&J175 -> KB/0495/2025 | D175: TRUE | E175: FALSE | F175: 45867 | H175: KB | I175: 0495 | J175: 2025
A176: =A175+1 -> 173 | B176: Keyboard | C176: =H176&"/"&I176&"/"&J176 -> KB/0496/2025 | D176: TRUE | E176: FALSE | F176: 45867 | H176: KB | I176: 0496 | J176: 2025
A177: =A176+1 -> 174 | B177: Keyboard | C177: =H177&"/"&I177&"/"&J177 -> KB/0497/2025 | D177: TRUE | E177: FALSE | F177: 45867 | H177: KB | I177: 0497 | J177: 2025
A178: =A177+1 -> 175 | B178: Keyboard | C178: =H178&"/"&I178&"/"&J178 -> KB/0498/2025 | D178: TRUE | E178: FALSE | F178: 45867 | H178: KB | I178: 0498 | J178: 2025
A179: =A178+1 -> 176 | B179: Keyboard | C179: =H179&"/"&I179&"/"&J179 -> KB/0499/2025 | D179: TRUE | E179: FALSE | H179: KB | I179: 0499 | J179: 2025
A180: =A179+1 -> 177 | B180: Keyboard | C180: =H180&"/"&I180&"/"&J180 -> KB/0500/2025 | D180: TRUE | E180: FALSE | H180: KB | I180: 0500 | J180: 2025
A181: =A180+1 -> 178 | B181: Keyboard | C181: =H181&"/"&I181&"/"&J181 -> KB/0501/2025 | D181: TRUE | E181: FALSE | H181: KB | I181: 0501 | J181: 2025
A182: =A181+1 -> 179 | B182: Keyboard | C182: =H182&"/"&I182&"/"&J182 -> KB/0502/2025 | D182: TRUE | E182: FALSE | H182: KB | I182: 0502 | J182: 2025
A183: =A182+1 -> 180 | B183: Keyboard | C183: =H183&"/"&I183&"/"&J183 -> KB/0503/2025 | D183: TRUE | E183: FALSE | H183: KB | I183: 0503 | J183: 2025
A184: =A183+1 -> 181 | B184: Keyboard | C184: =H184&"/"&I184&"/"&J184 -> KB/0504/2025 | D184: TRUE | E184: FALSE | H184: KB | I184: 0504 | J184: 2025
A185: =A184+1 -> 182 | B185: Keyboard | C185: =H185&"/"&I185&"/"&J185 -> KB/0505/2025 | D185: TRUE | E185: FALSE | H185: KB | I185: 0505 | J185: 2025
A186: =A185+1 -> 183 | B186: Keyboard | C186: =H186&"/"&I186&"/"&J186 -> KB/0506/2025 | D186: TRUE | E186: FALSE | H186: KB | I186: 0506 | J186: 2025
A187: =A186+1 -> 184 | B187: Keyboard | C187: =H187&"/"&I187&"/"&J187 -> KB/0507/2025 | D187: TRUE | E187: FALSE | H187: KB | I187: 0507 | J187: 2025
A188: =A187+1 -> 185 | B188: Keyboard | C188: =H188&"/"&I188&"/"&J188 -> KB/0508/2025 | D188: TRUE | E188: FALSE | H188: KB | I188: 0508 | J188: 2025
A189: =A188+1 -> 186 | B189: Keyboard | C189: =H189&"/"&I189&"/"&J189 -> KB/0509/2025 | D189: TRUE | E189: FALSE | H189: KB | I189: 0509 | J189: 2025
A190: =A189+1 -> 187 | B190: Keyboard | C190: =H190&"/"&I190&"/"&J190 -> KB/0510/2025 | D190: TRUE | E190: FALSE | H190: KB | I190: 0510 | J190: 2025
... A199: =A198+1 -> 196 | B199: Keyboard | C199: =H199&"/"&I199&"/"&J199 -> KB/0519/2025 | D199: TRUE | E199: FALSE | H199: KB | I199: 0519 | J199: 2025
A200: =A199+1 -> 197 | B200: Keyboard | C200: =H200&"/"&I200&"/"&J200 -> KB/0520/2025 | D200: TRUE | E200: FALSE | F200: 45856 | H200: KB | I200: 0520 | J200: 2025
A201: =A200+1 -> 198 | B201: Keyboard | C201: =H201&"/"&I201&"/"&J201 -> KB/0521/2025 | D201: TRUE | E201: FALSE | F201: 45856 | H201: KB | I201: 0521 | J201: 2025
A202: =A201+1 -> 199 | B202: Keyboard | C202: =H202&"/"&I202&"/"&J202 -> KB/0522/2025 | D202: TRUE | E202: FALSE | H202: KB | I202: 0522 | J202: 2025
A203: =A202+1 -> 200 | B203: Keyboard | C203: =H203&"/"&I203&"/"&J203 -> KB/0523/2025 | D203: TRUE | E203: FALSE | F203: 45856 | H203: KB | I203: 0523 | J203: 2025
A204: =A203+1 -> 201 | B204: Keyboard | C204: =H204&"/"&I204&"/"&J204 -> KB/0524/2025 | D204: TRUE | E204: FALSE | H204: KB | I204: 0524 | J204: 2025
A205: =A204+1 -> 202 | B205: Keyboard | C205: =H205&"/"&I205&"/"&J205 -> KB/0525/2025 | D205: TRUE | E205: FALSE | H205: KB | I205: 0525 | J205: 2025
A206: =A205+1 -> 203 | B206: Keyboard | C206: =H206&"/"&I206&"/"&J206 -> KB/0526/2025 | D206: TRUE | E206: FALSE | H206: KB | I206: 0526 | J206: 2025
A207: =A206+1 -> 204 | B207: Keyboard | C207: =H207&"/"&I207&"/"&J207 -> KB/0527/2025 | D207: TRUE | E207: FALSE | H207: KB | I207: 0527 | J207: 2025
A208: =A207+1 -> 205 | B208: Keyboard | C208: =H208&"/"&I208&"/"&J208 -> KB/0528/2025 | D208: TRUE | E208: FALSE | H208: KB | I208: 0528 | J208: 2025
A209: =A208+1 -> 206 | B209: Keyboard | C209: =H209&"/"&I209&"/"&J209 -> KB/0529/2025 | D209: TRUE | E209: FALSE | H209: KB | I209: 0529 | J209: 2025
A210: =A209+1 -> 207 | B210: Keyboard | C210: =H210&"/"&I210&"/"&J210 -> KB/0530/2025 | D210: TRUE | E210: FALSE | H210: KB | I210: 0530 | J210: 2025
A211: =A210+1 -> 208 | B211: Keyboard | C211: =H211&"/"&I211&"/"&J211 -> KB/0531/2025 | D211: TRUE | E211: FALSE | H211: KB | I211: 0531 | J211: 2025
A212: =A211+1 -> 209 | B212: Keyboard | C212: =H212&"/"&I212&"/"&J212 -> KB/0532/2025 | D212: TRUE | E212: FALSE | H212: KB | I212: 0532 | J212: 2025
A213: =A212+1 -> 210 | B213: Keyboard | C213: =H213&"/"&I213&"/"&J213 -> KB/0533/2025 | D213: TRUE | E213: FALSE | H213: KB | I213: 0533 | J213: 2025
A214: =A213+1 -> 211 | B214: Keyboard | C214: =H214&"/"&I214&"/"&J214 -> KB/0534/2025 | D214: TRUE | E214: FALSE | H214: KB | I214: 0534 | J214: 2025
A215: =A214+1 -> 212 | B215: Keyboard | C215: =H215&"/"&I215&"/"&J215 -> KB/0535/2025 | D215: TRUE | E215: FALSE | H215: KB | I215: 0535 | J215: 2025
... A326: =A325+1 -> 323 | B326: Keyboard | C326: =H326&"/"&I326&"/"&J326 -> KB/0646/2025 | D326: TRUE | E326: FALSE | H326: KB | I326: 0646 | J326: 2025
A327: =A326+1 -> 324 | B327: Keyboard | C327: =H327&"/"&I327&"/"&J327 -> KB/0647/2025 | D327: TRUE | E327: FALSE | F327: 45856 | H327: KB | I327: 0647 | J327: 2025
A328: =A327+1 -> 325 | B328: Keyboard | C328: =H328&"/"&I328&"/"&J328 -> KB/0648/2025 | D328: TRUE | E328: FALSE | H328: KB | I328: 0648 | J328: 2025
A329: =A328+1 -> 326 | B329: Keyboard | C329: =H329&"/"&I329&"/"&J329 -> KB/0649/2025 | D329: TRUE | E329: FALSE | H329: KB | I329: 0649 | J329: 2025
A330: =A329+1 -> 327 | B330: Keyboard | C330: =H330&"/"&I330&"/"&J330 -> KB/0650/2025 | D330: TRUE | E330: FALSE | H330: KB | I330: 0650 | J330: 2025
A331: =A330+1 -> 328 | B331: Keyboard | C331: =H331&"/"&I331&"/"&J331 -> KB/0651/2025 | D331: TRUE | E331: FALSE | H331: KB | I331: 0651 | J331: 2025
A332: =A331+1 -> 329 | B332: Keyboard | C332: =H332&"/"&I332&"/"&J332 -> KB/0652/2025 | D332: TRUE | E332: FALSE | H332: KB | I332: 0652 | J332: 2025
A333: =A332+1 -> 330 | B333: Keyboard | C333: =H333&"/"&I333&"/"&J333 -> KB/0653/2025 | D333: TRUE | E333: FALSE | H333: KB | I333: 0653 | J333: 2025
A334: =A333+1 -> 331 | B334: Keyboard | C334: =H334&"/"&I334&"/"&J334 -> KB/0654/2025 | D334: TRUE | E334: FALSE | H334: KB | I334: 0654 | J334: 2025
A335: =A334+1 -> 332 | B335: Keyboard | C335: =H335&"/"&I335&"/"&J335 -> KB/0655/2025 | D335: TRUE | E335: FALSE | H335: KB | I335: 0655 | J335: 2025
A336: =A335+1 -> 333 | B336: Keyboard | C336: =H336&"/"&I336&"/"&J336 -> KB/0656/2025 | D336: TRUE | E336: FALSE | H336: KB | I336: 0656 | J336: 2025
A337: =A336+1 -> 334 | B337: Keyboard | C337: =H337&"/"&I337&"/"&J337 -> KB/0657/2025 | D337: TRUE | E337: FALSE | H337: KB | I337: 0657 | J337: 2025
A338: =A337+1 -> 335 | B338: Keyboard | C338: =H338&"/"&I338&"/"&J338 -> KB/0658/2025 | D338: TRUE | E338: FALSE | H338: KB | I338: 0658 | J338: 2025
A339: =A338+1 -> 336 | B339: Keyboard | C339: =H339&"/"&I339&"/"&J339 -> KB/0659/2025 | D339: TRUE | E339: FALSE | H339: KB | I339: 0659 | J339: 2025
... A342: =A341+1 -> 339 | B342: Keyboard | C342: =H342&"/"&I342&"/"&J342 -> KB/0662/2025 | D342: TRUE | E342: FALSE | H342: KB | I342: 0662 | J342: 2025
A343: =A342+1 -> 340 | B343: Keyboard | C343: =H343&"/"&I343&"/"&J343 -> KB/0663/2025 | D343: TRUE | E343: FALSE | F343: 45856 | H343: KB | I343: 0663 | J343: 2025
A344: =A343+1 -> 341 | B344: Keyboard | C344: =H344&"/"&I344&"/"&J344 -> KB/0664/2025 | D344: TRUE | E344: FALSE | F344: 45856 | H344: KB | I344: 0664 | J344: 2025
A345: =A344+1 -> 342 | B345: Keyboard | C345: =H345&"/"&I345&"/"&J345 -> KB/0665/2025 | D345: TRUE | E345: FALSE | H345: KB | I345: 0665 | J345: 2025
A346: =A345+1 -> 343 | B346: Keyboard | C346: =H346&"/"&I346&"/"&J346 -> KB/0666/2025 | D346: TRUE | E346: FALSE | F346: 45856 | H346: KB | I346: 0666 | J346: 2025
A347: =A346+1 -> 344 | B347: Keyboard | C347: =H347&"/"&I347&"/"&J347 -> KB/0667/2025 | D347: TRUE | E347: FALSE | H347: KB | I347: 0667 | J347: 2025
A348: =A347+1 -> 345 | B348: Keyboard | C348: =H348&"/"&I348&"/"&J348 -> KB/0668/2025 | D348: TRUE | E348: FALSE | F348: 45856 | H348: KB | I348: 0668 | J348: 2025
A349: =A348+1 -> 346 | B349: Keyboard | C349: =H349&"/"&I349&"/"&J349 -> KB/0669/2025 | D349: TRUE | E349: FALSE | H349: KB | I349: 0669 | J349: 2025
A350: =A349+1 -> 347 | B350: Keyboard | C350: =H350&"/"&I350&"/"&J350 -> KB/0670/2025 | D350: TRUE | E350: FALSE | H350: KB | I350: 0670 | J350: 2025
A351: =A350+1 -> 348 | B351: Keyboard | C351: =H351&"/"&I351&"/"&J351 -> KB/0671/2025 | D351: TRUE | E351: FALSE | H351: KB | I351: 0671 | J351: 2025
A352: =A351+1 -> 349 | B352: Keyboard | C352: =H352&"/"&I352&"/"&J352 -> KB/0672/2025 | D352: TRUE | E352: FALSE | H352: KB | I352: 0672 | J352: 2025
A353: =A352+1 -> 350 | B353: Keyboard | C353: =H353&"/"&I353&"/"&J353 -> KB/0673/2025 | D353: TRUE | E353: FALSE | H353: KB | I353: 0673 | J353: 2025
A354: =A353+1 -> 351 | B354: Keyboard | C354: =H354&"/"&I354&"/"&J354 -> KB/0674/2025 | D354: TRUE | E354: FALSE | H354: KB | I354: 0674 | J354: 2025
A355: =A354+1 -> 352 | B355: Keyboard | C355: =H355&"/"&I355&"/"&J355 -> KB/0675/2025 | D355: TRUE | E355: FALSE | H355: KB | I355: 0675 | J355: 2025
A356: =A355+1 -> 353 | B356: Keyboard | C356: =H356&"/"&I356&"/"&J356 -> KB/0676/2025 | D356: TRUE | E356: FALSE | H356: KB | I356: 0676 | J356: 2025
A357: =A356+1 -> 354 | B357: Keyboard | C357: =H357&"/"&I357&"/"&J357 -> KB/0677/2025 | D357: TRUE | E357: FALSE | H357: KB | I357: 0677 | J357: 2025
...

Sheet KEYBOARD - INVENTARIS
A1: NO | B1: NAMA ASET | C1: NO INVENTARIS | D1: TERPAKAI | E1: RUSAK | F1: PERBAIKI | G1: KETERANGAN
A2: 1 | B2: Keyboard | C2: 11 | D2: TRUE | E2: FALSE | F2: FALSE
A3: =A2+1 -> 2 | B3: Keyboard | C3: 14 | D3: TRUE | E3: FALSE | F3: FALSE
A4: =A3+1 -> 3 | B4: Keyboard | C4: 40 | D4: TRUE | E4: FALSE | F4: FALSE
A5: =A4+1 -> 4 | B5: Keyboard | C5: 45 | D5: TRUE | E5: FALSE | F5: FALSE
A6: =A5+1 -> 5 | B6: Keyboard | C6: 47 | D6: TRUE | E6: FALSE | F6: FALSE
A7: =A6+1 -> 6 | B7: Keyboard | C7: 52 | D7: TRUE | E7: FALSE | F7: FALSE
A8: =A7+1 -> 7 | B8: Keyboard | C8: 53 | D8: TRUE | E8: FALSE | F8: FALSE
A9: =A8+1 -> 8 | B9: Keyboard | C9: 65 | D9: TRUE | E9: FALSE | F9: FALSE
A10: =A9+1 -> 9 | B10: Keyboard | C10: 95 | D10: TRUE | E10: FALSE | F10: FALSE
A11: =A10+1 -> 10 | B11: Keyboard | C11: 108 | D11: TRUE | E11: FALSE | F11: FALSE
A12: =A11+1 -> 11 | B12: Keyboard | C12: 116 | D12: TRUE | E12: FALSE | F12: FALSE
A13: =A12+1 -> 12 | B13: Keyboard | C13: 119 | D13: TRUE | E13: FALSE | F13: FALSE
A14: =A13+1 -> 13 | B14: Keyboard | C14: 122 | D14: TRUE | E14: FALSE | F14: FALSE
... A43: =A42+1 -> 42 | B43: Keyboard | C43: 599 | D43: TRUE | E43: FALSE | F43: FALSE
A44: =A43+1 -> 43 | B44: Keyboard | C44: B.8/280/79/2019 | D44: TRUE | E44: FALSE | F44: FALSE
A45: =A44+1 -> 44 | B45: Keyboard | C45: B8/280/07/2019 | D45: TRUE | E45: FALSE | F45: FALSE
A46: =A45+1 -> 45 | B46: Keyboard | C46: B8/280/138/2019 | D46: TRUE | E46: FALSE | F46: FALSE
A47: =A46+1 -> 46 | B47: Keyboard | C47: B8/280/139/2019 | D47: TRUE | E47: FALSE | F47: FALSE
A48: =A47+1 -> 47 | B48: Keyboard | C48: B8/280/143/2019 | D48: TRUE | E48: FALSE | F48: FALSE
A49: =A48+1 -> 48 | B49: Keyboard | C49: B8/280/146/2019 | D49: TRUE | E49: FALSE | F49: FALSE
A50: =A49+1 -> 49 | B50: Keyboard | C50: B8/280/33/2019 | D50: TRUE | E50: FALSE | F50: FALSE
A51: =A50+1 -> 50 | B51: Keyboard | C51: B8/280/572019 | D51: TRUE | E51: FALSE | F51: FALSE
A52: =A51+1 -> 51 | B52: Keyboard | C52: KB/0003/2019 | D52: TRUE | E52: FALSE | F52: FALSE
A53: =A52+1 -> 52 | B53: Keyboard | C53: KB/0004/2019 | D53: TRUE | E53: FALSE | F53: FALSE
A54: =A53+1 -> 53 | B54: Keyboard | C54: KB/0006/2019 | D54: TRUE | E54: FALSE | F54: FALSE
A55: =A54+1 -> 54 | B55: Keyboard | C55: KB/0007/2019 | D55: TRUE | E55: FALSE | F55: FALSE
... A1080: =A1079+1 -> 1079 | B1080: Keyboard | C1080: KB/1501/2025 | D1080: TRUE | E1080: FALSE | F1080: FALSE

Sheet CPU - NO INV
B1: NOMOR INVENTARIS TERAKHIR = PC/1063/2021
A3: NO | B3: NAMA ASET | C3: NO INVENTARIS | D3: STIKER TERTEMPEL | E3: STIKER BLM TERTEMPEL | F3: KETERANGAN | H3: KODE | I3: NOMOR | J3: TAHUN
A4: 1 | B4: CPU | C4: =H4&"/"&I4&"/"&J4 -> PC/1064/2025 | D4: TRUE | E4: FALSE | H4: PC | I4: 1064 | J4: 2025 | K4: SUDAH TEMPEL
A5: =A4+1 -> 2 | B5: CPU | C5: =H5&"/"&I5&"/"&J5 -> PC/1065/2025 | D5: TRUE | E5: FALSE | H5: PC | I5: =I4+1 -> 1065 | J5: 2025 | K5: SUDAH TEMPEL
A6: =A5+1 -> 3 | B6: CPU | C6: =H6&"/"&I6&"/"&J6 -> PC/1066/2025 | D6: TRUE | E6: FALSE | H6: PC | I6: =I5+1 -> 1066 | J6: 2025 | K6: SUDAH TEMPEL
A7: =A6+1 -> 4 | B7: CPU | C7: =H7&"/"&I7&"/"&J7 -> PC/1067/2025 | D7: TRUE | E7: FALSE | H7: PC | I7: =I6+1 -> 1067 | J7: 2025 | K7: SUDAH TEMPEL
A8: =A7+1 -> 5 | B8: CPU | C8: =H8&"/"&I8&"/"&J8 -> PC/1068/2025 | D8: TRUE | E8: FALSE | H8: PC | I8: =I7+1 -> 1068 | J8: 2025 | K8: SUDAH TEMPEL
A9: =A8+1 -> 6 | B9: CPU | C9: =H9&"/"&I9&"/"&J9 -> PC/1069/2025 | D9: TRUE | E9: FALSE | H9: PC | I9: =I8+1 -> 1069 | J9: 2025 | K9: SUDAH TEMPEL
A10: =A9+1 -> 7 | B10: CPU | C10: =H10&"/"&I10&"/"&J10 -> PC/1070/2025 | D10: TRUE | E10: FALSE | H10: PC | I10: =I9+1 -> 1070 | J10: 2025 | K10: SUDAH TEMPEL
A11: =A10+1 -> 8 | B11: CPU | C11: =H11&"/"&I11&"/"&J11 -> PC/1071/2025 | D11: TRUE | E11: FALSE | H11: PC | I11: =I10+1 -> 1071 | J11: 2025 | K11: SUDAH TEMPEL
A12: =A11+1 -> 9 | B12: CPU | C12: =H12&"/"&I12&"/"&J12 -> PC/1072/2025 | D12: TRUE | E12: FALSE | H12: PC | I12: =I11+1 -> 1072 | J12: 2025 | K12: SUDAH TEMPEL
A13: =A12+1 -> 10 | B13: CPU | C13: =H13&"/"&I13&"/"&J13 -> PC/1073/2025 | D13: TRUE | E13: FALSE | H13: PC | I13: =I12+1 -> 1073 | J13: 2025 | K13: SUDAH TEMPEL
A14: =A13+1 -> 11 | B14: CPU | C14: =H14&"/"&I14&"/"&J14 -> PC/1074/2025 | D14: TRUE | E14: FALSE | H14: PC | I14: =I13+1 -> 1074 | J14: 2025 | K14: SUDAH TEMPEL
A15: =A14+1 -> 12 | B15: CPU | C15: =H15&"/"&I15&"/"&J15 -> PC/1075/2025 | D15: TRUE | E15: FALSE | H15: PC | I15: =I14+1 -> 1075 | J15: 2025 | K15: SUDAH TEMPEL
A16: =A15+1 -> 13 | B16: CPU | C16: =H16&"/"&I16&"/"&J16 -> PC/1076/2025 | D16: TRUE | E16: FALSE | H16: PC | I16: =I15+1 -> 1076 | J16: 2025 | K16: SUDAH TEMPEL
... A43: =A42+1 -> 40 | B43: CPU | C43: =H43&"/"&I43&"/"&J43 -> PC/1103/2025 | D43: TRUE | E43: FALSE | H43: PC | I43: =I42+1 -> 1103 | J43: 2025 | K43: SUDAH TEMPEL
A44: =A43+1 -> 41 | B44: CPU | C44: =H44&"/"&I44&"/"&J44 -> PC/1104/2025 | D44: TRUE | E44: FALSE | H44: PC | I44: =I43+1 -> 1104 | J44: 2025
A45: =A44+1 -> 42 | B45: CPU | C45: =H45&"/"&I45&"/"&J45 -> PC/1105/2025 | D45: TRUE | E45: FALSE | H45: PC | I45: =I44+1 -> 1105 | J45: 2025
A46: =A45+1 -> 43 | B46: CPU | C46: =H46&"/"&I46&"/"&J46 -> PC/1106/2025 | D46: TRUE | E46: FALSE | H46: PC | I46: =I45+1 -> 1106 | J46: 2025
A47: =A46+1 -> 44 | B47: CPU | C47: =H47&"/"&I47&"/"&J47 -> PC/1107/2025 | D47: TRUE | E47: FALSE | H47: PC | I47: =I46+1 -> 1107 | J47: 2025
A48: =A47+1 -> 45 | B48: CPU | C48: =H48&"/"&I48&"/"&J48 -> PC/1108/2025 | D48: TRUE | E48: FALSE | H48: PC | I48: =I47+1 -> 1108 | J48: 2025
A49: =A48+1 -> 46 | B49: CPU | C49: =H49&"/"&I49&"/"&J49 -> PC/1109/2025 | D49: TRUE | E49: FALSE | H49: PC | I49: =I48+1 -> 1109 | J49: 2025
A50: =A49+1 -> 47 | B50: CPU | C50: =H50&"/"&I50&"/"&J50 -> PC/1110/2025 | D50: TRUE | E50: FALSE | H50: PC | I50: =I49+1 -> 1110 | J50: 2025
A51: =A50+1 -> 48 | B51: CPU | C51: =H51&"/"&I51&"/"&J51 -> PC/1111/2025 | D51: TRUE | E51: FALSE | H51: PC | I51: =I50+1 -> 1111 | J51: 2025
A52: =A51+1 -> 49 | B52: CPU | C52: =H52&"/"&I52&"/"&J52 -> PC/1112/2025 | D52: TRUE | E52: FALSE | H52: PC | I52: =I51+1 -> 1112 | J52: 2025
A53: =A52+1 -> 50 | B53: CPU | C53: =H53&"/"&I53&"/"&J53 -> PC/1113/2025 | D53: TRUE | E53: FALSE | H53: PC | I53: =I52+1 -> 1113 | J53: 2025
A54: =A53+1 -> 51 | B54: CPU | C54: =H54&"/"&I54&"/"&J54 -> PC/1114/2025 | D54: TRUE | E54: FALSE | H54: PC | I54: =I53+1 -> 1114 | J54: 2025
A55: =A54+1 -> 52 | B55: CPU | C55: =H55&"/"&I55&"/"&J55 -> PC/1115/2025 | D55: TRUE | E55: FALSE | H55: PC | I55: =I54+1 -> 1115 | J55: 2025
... A203: =A202+1 -> 200 | B203: CPU | C203: =H203&"/"&I203&"/"&J203 -> PC/1263/2025 | D203: TRUE | E203: FALSE | H203: PC | I203: =I202+1 -> 1263 | J203: 2025
A204: =A203+1 -> 201 | B204: CPU | C204: =H204&"/"&I204&"/"&J204 -> PC/1264/2025 | D204: TRUE | E204: FALSE | H204: PC | I204: =I203+1 -> 1264 | J204: 2025 | K204: DITEMPEL MANAGEMENT
A205: =A204+1 -> 202 | B205: CPU | C205: =H205&"/"&I205&"/"&J205 -> PC/1265/2025 | D205: TRUE | E205: FALSE | H205: PC | I205: =I204+1 -> 1265 | J205: 2025
A206: =A205+1 -> 203 | B206: CPU | C206: =H206&"/"&I206&"/"&J206 -> PC/1266/2025 | D206: TRUE | E206: FALSE | H206: PC | I206: =I205+1 -> 1266 | J206: 2025
A207: =A206+1 -> 204 | B207: CPU | C207: =H207&"/"&I207&"/"&J207 -> PC/1267/2025 | D207: TRUE | E207: FALSE | H207: PC | I207: =I206+1 -> 1267 | J207: 2025
A208: =A207+1 -> 205 | B208: CPU | C208: =H208&"/"&I208&"/"&J208 -> PC/1268/2025 | D208: TRUE | E208: FALSE | H208: PC | I208: =I207+1 -> 1268 | J208: 2025
A209: =A208+1 -> 206 | B209: CPU | C209: =H209&"/"&I209&"/"&J209 -> PC/1269/2025 | D209: TRUE | E209: FALSE | H209: PC | I209: =I208+1 -> 1269 | J209: 2025
A210: =A209+1 -> 207 | B210: CPU | C210: =H210&"/"&I210&"/"&J210 -> PC/1270/2025 | D210: TRUE | E210: FALSE | H210: PC | I210: =I209+1 -> 1270 | J210: 2025
A211: =A210+1 -> 208 | B211: CPU | C211: =H211&"/"&I211&"/"&J211 -> PC/1271/2025 | D211: TRUE | E211: FALSE | H211: PC | I211: =I210+1 -> 1271 | J211: 2025
A212: =A211+1 -> 209 | B212: CPU | C212: =H212&"/"&I212&"/"&J212 -> PC/1272/2025 | D212: TRUE | E212: FALSE | H212: PC | I212: =I211+1 -> 1272 | J212: 2025
A213: =A212+1 -> 210 | B213: CPU | C213: =H213&"/"&I213&"/"&J213 -> PC/1273/2025 | D213: TRUE | E213: FALSE | H213: PC | I213: =I212+1 -> 1273 | J213: 2025
A214: =A213+1 -> 211 | B214: CPU | C214: =H214&"/"&I214&"/"&J214 -> PC/1274/2025 | D214: TRUE | E214: FALSE | F214: 45867 | H214: PC | I214: =I213+1 -> 1274 | J214: 2025
A215: =A214+1 -> 212 | B215: CPU | C215: =H215&"/"&I215&"/"&J215 -> PC/1275/2025 | D215: TRUE | E215: FALSE | F215: 45867 | H215: PC | I215: =I214+1 -> 1275 | J215: 2025
A216: =A215+1 -> 213 | B216: CPU | C216: =H216&"/"&I216&"/"&J216 -> PC/1276/2025 | D216: TRUE | E216: FALSE | H216: PC | I216: =I215+1 -> 1276 | J216: 2025
A217: =A216+1 -> 214 | B217: CPU | C217: =H217&"/"&I217&"/"&J217 -> PC/1277/2025 | D217: TRUE | E217: FALSE | F217: 45867 | H217: PC | I217: =I216+1 -> 1277 | J217: 2025
A218: =A217+1 -> 215 | B218: CPU | C218: =H218&"/"&I218&"/"&J218 -> PC/1278/2025 | D218: TRUE | E218: FALSE | F218: 45867 | H218: PC | I218: =I217+1 -> 1278 | J218: 2025
A219: =A218+1 -> 216 | B219: CPU | C219: =H219&"/"&I219&"/"&J219 -> PC/1279/2025 | D219: TRUE | E219: FALSE | F219: 45867 | H219: PC | I219: =I218+1 -> 1279 | J219: 2025
A220: =A219+1 -> 217 | B220: CPU | C220: =H220&"/"&I220&"/"&J220 -> PC/1280/2025 | D220: TRUE | E220: FALSE | F220: 45867 | H220: PC | I220: =I219+1 -> 1280 | J220: 2025
A221: =A220+1 -> 218 | B221: CPU | C221: =H221&"/"&I221&"/"&J221 -> PC/1281/2025 | D221: TRUE | E221: FALSE | F221: 45867 | H221: PC | I221: =I220+1 -> 1281 | J221: 2025
A222: =A221+1 -> 219 | B222: CPU | C222: =H222&"/"&I222&"/"&J222 -> PC/1282/2025 | D222: TRUE | E222: FALSE | F222: 45867 | H222: PC | I222: =I221+1 -> 1282 | J222: 2025
A223: =A222+1 -> 220 | B223: CPU | C223: =H223&"/"&I223&"/"&J223 -> PC/1283/2025 | D223: TRUE | E223: FALSE | F223: 45867 | H223: PC | I223: =I222+1 -> 1283 | J223: 2025
A224: =A223+1 -> 221 | B224: CPU | C224: =H224&"/"&I224&"/"&J224 -> PC/1284/2025 | D224: TRUE | E224: FALSE | F224: 45867 | H224: PC | I224: =I223+1 -> 1284 | J224: 2025
A225: =A224+1 -> 222 | B225: CPU | C225: =H225&"/"&I225&"/"&J225 -> PC/1285/2025 | D225: TRUE | E225: FALSE | F225: 45867 | H225: PC | I225: =I224+1 -> 1285 | J225: 2025
A226: =A225+1 -> 223 | B226: CPU | C226: =H226&"/"&I226&"/"&J226 -> PC/1286/2025 | D226: TRUE | E226: FALSE | F226: 45867 | H226: PC | I226: =I225+1 -> 1286 | J226: 2025
A227: =A226+1 -> 224 | B227: CPU | C227: =H227&"/"&I227&"/"&J227 -> PC/1287/2025 | D227: TRUE | E227: FALSE | F227: 45867 | H227: PC | I227: =I226+1 -> 1287 | J227: 2025
A228: =A227+1 -> 225 | B228: CPU | C228: =H228&"/"&I228&"/"&J228 -> PC/1288/2025 | D228: TRUE | E228: FALSE | F228: 45867 | H228: PC | I228: =I227+1 -> 1288 | J228: 2025
A229: =A228+1 -> 226 | B229: CPU | C229: =H229&"/"&I229&"/"&J229 -> PC/1289/2025 | D229: TRUE | E229: FALSE | H229: PC | I229: =I228+1 -> 1289 | J229: 2025
A230: =A229+1 -> 227 | B230: CPU | C230: =H230&"/"&I230&"/"&J230 -> PC/1290/2025 | D230: TRUE | E230: FALSE | H230: PC | I230: =I229+1 -> 1290 | J230: 2025
A231: =A230+1 -> 228 | B231: CPU | C231: =H231&"/"&I231&"/"&J231 -> PC/1291/2025 | D231: TRUE | E231: FALSE | H231: PC | I231: =I230+1 -> 1291 | J231: 2025
A232: =A231+1 -> 229 | B232: CPU | C232: =H232&"/"&I232&"/"&J232 -> PC/1292/2025 | D232: TRUE | E232: FALSE | H232: PC | I232: =I231+1 -> 1292 | J232: 2025
A233: =A232+1 -> 230 | B233: CPU | C233: =H233&"/"&I233&"/"&J233 -> PC/1293/2025 | D233: TRUE | E233: FALSE | H233: PC | I233: =I232+1 -> 1293 | J233: 2025
A234: =A233+1 -> 231 | B234: CPU | C234: =H234&"/"&I234&"/"&J234 -> PC/1294/2025 | D234: TRUE | E234: FALSE | H234: PC | I234: =I233+1 -> 1294 | J234: 2025
A235: =A234+1 -> 232 | B235: CPU | C235: =H235&"/"&I235&"/"&J235 -> PC/1295/2025 | D235: TRUE | E235: FALSE | H235: PC | I235: =I234+1 -> 1295 | J235: 2025
A236: =A235+1 -> 233 | B236: CPU | C236: =H236&"/"&I236&"/"&J236 -> PC/1296/2025 | D236: TRUE | E236: FALSE | H236: PC | I236: =I235+1 -> 1296 | J236: 2025
A237: =A236+1 -> 234 | B237: CPU | C237: =H237&"/"&I237&"/"&J237 -> PC/1297/2025 | D237: TRUE | E237: FALSE | H237: PC | I237: =I236+1 -> 1297 | J237: 2025
A238: =A237+1 -> 235 | B238: CPU | C238: =H238&"/"&I238&"/"&J238 -> PC/1298/2025 | D238: TRUE | E238: FALSE | H238: PC | I238: =I237+1 -> 1298 | J238: 2025
A239: =A238+1 -> 236 | B239: CPU | C239: =H239&"/"&I239&"/"&J239 -> PC/1299/2025 | D239: TRUE | E239: FALSE | H239: PC | I239: =I238+1 -> 1299 | J239: 2025
A240: =A239+1 -> 237 | B240: CPU | C240: =H240&"/"&I240&"/"&J240 -> PC/1300/2025 | D240: TRUE | E240: FALSE | H240: PC | I240: =I239+1 -> 1300 | J240: 2025
... A273: =A272+1 -> 270 | B273: CPU | C273: =H273&"/"&I273&"/"&J273 -> PC/1333/2025 | D273: TRUE | E273: FALSE | H273: PC | I273: =I272+1 -> 1333 | J273: 2025
A274: =A273+1 -> 271 | B274: CPU | C274: =H274&"/"&I274&"/"&J274 -> PC/1334/2025 | D274: TRUE | E274: FALSE | F274: 45867 | H274: PC | I274: =I273+1 -> 1334 | J274: 2025
A275: =A274+1 -> 272 | B275: CPU | C275: =H275&"/"&I275&"/"&J275 -> PC/1335/2025 | D275: TRUE | E275: FALSE | F275: 45867 | H275: PC | I275: =I274+1 -> 1335 | J275: 2025
A276: =A275+1 -> 273 | B276: CPU | C276: =H276&"/"&I276&"/"&J276 -> PC/1336/2025 | D276: TRUE | E276: FALSE | F276: 45867 | H276: PC | I276: =I275+1 -> 1336 | J276: 2025
A277: =A276+1 -> 274 | B277: CPU | C277: =H277&"/"&I277&"/"&J277 -> PC/1337/2025 | D277: TRUE | E277: FALSE | F277: 45867 | H277: PC | I277: =I276+1 -> 1337 | J277: 2025
A278: =A277+1 -> 275 | B278: CPU | C278: =H278&"/"&I278&"/"&J278 -> PC/1338/2025 | D278: TRUE | E278: FALSE | F278: 45867 | H278: PC | I278: =I277+1 -> 1338 | J278: 2025
A279: =A278+1 -> 276 | B279: CPU | C279: =H279&"/"&I279&"/"&J279 -> PC/1339/2025 | D279: TRUE | E279: FALSE | F279: 45867 | H279: PC | I279: =I278+1 -> 1339 | J279: 2025
A280: =A279+1 -> 277 | B280: CPU | C280: =H280&"/"&I280&"/"&J280 -> PC/1340/2025 | D280: TRUE | E280: FALSE | F280: 45867 | H280: PC | I280: =I279+1 -> 1340 | J280: 2025
A281: =A280+1 -> 278 | B281: CPU | C281: =H281&"/"&I281&"/"&J281 -> PC/1341/2025 | D281: TRUE | E281: FALSE | F281: 45867 | H281: PC | I281: =I280+1 -> 1341 | J281: 2025
A282: =A281+1 -> 279 | B282: CPU | C282: =H282&"/"&I282&"/"&J282 -> PC/1342/2025 | D282: TRUE | E282: FALSE | F282: 45867 | H282: PC | I282: =I281+1 -> 1342 | J282: 2025
A283: =A282+1 -> 280 | B283: CPU | C283: =H283&"/"&I283&"/"&J283 -> PC/1343/2025 | D283: TRUE | E283: FALSE | F283: 45867 | H283: PC | I283: =I282+1 -> 1343 | J283: 2025
A284: =A283+1 -> 281 | B284: CPU | C284: =H284&"/"&I284&"/"&J284 -> PC/1344/2025 | D284: TRUE | E284: FALSE | F284: 45867 | H284: PC | I284: =I283+1 -> 1344 | J284: 2025
A285: =A284+1 -> 282 | B285: CPU | C285: =H285&"/"&I285&"/"&J285 -> PC/1345/2025 | D285: TRUE | E285: FALSE | F285: 45869 | H285: PC | I285: =I284+1 -> 1345 | J285: 2025
... A308: =A307+1 -> 305 | B308: CPU | C308: =H308&"/"&I308&"/"&J308 -> PC/1368/2025 | D308: TRUE | E308: FALSE | F308: 45869 | H308: PC | I308: =I307+1 -> 1368 | J308: 2025
A309: =A308+1 -> 306 | B309: CPU | C309: =H309&"/"&I309&"/"&J309 -> PC/1369/2025 | D309: TRUE | E309: FALSE | H309: PC | I309: =I308+1 -> 1369 | J309: 2025
A310: =A309+1 -> 307 | B310: CPU | C310: =H310&"/"&I310&"/"&J310 -> PC/1370/2025 | D310: TRUE | E310: FALSE | H310: PC | I310: =I309+1 -> 1370 | J310: 2025
A311: =A310+1 -> 308 | B311: CPU | C311: =H311&"/"&I311&"/"&J311 -> PC/1371/2025 | D311: TRUE | E311: FALSE | H311: PC | I311: =I310+1 -> 1371 | J311: 2025
A312: =A311+1 -> 309 | B312: CPU | C312: =H312&"/"&I312&"/"&J312 -> PC/1372/2025 | D312: TRUE | E312: FALSE | H312: PC | I312: =I311+1 -> 1372 | J312: 2025
A313: =A312+1 -> 310 | B313: CPU | C313: =H313&"/"&I313&"/"&J313 -> PC/1373/2025 | D313: TRUE | E313: FALSE | H313: PC | I313: =I312+1 -> 1373 | J313: 2025
A314: =A313+1 -> 311 | B314: CPU | C314: =H314&"/"&I314&"/"&J314 -> PC/1374/2025 | D314: TRUE | E314: FALSE | H314: PC | I314: =I313+1 -> 1374 | J314: 2025
A315: =A314+1 -> 312 | B315: CPU | C315: =H315&"/"&I315&"/"&J315 -> PC/1375/2025 | D315: TRUE | E315: FALSE | H315: PC | I315: =I314+1 -> 1375 | J315: 2025
A316: =A315+1 -> 313 | B316: CPU | C316: =H316&"/"&I316&"/"&J316 -> PC/1376/2025 | D316: TRUE | E316: FALSE | H316: PC | I316: =I315+1 -> 1376 | J316: 2025
A317: =A316+1 -> 314 | B317: CPU | C317: =H317&"/"&I317&"/"&J317 -> PC/1377/2025 | D317: TRUE | E317: FALSE | H317: PC | I317: =I316+1 -> 1377 | J317: 2025
A318: =A317+1 -> 315 | B318: CPU | C318: =H318&"/"&I318&"/"&J318 -> PC/1378/2025 | D318: TRUE | E318: FALSE | H318: PC | I318: =I317+1 -> 1378 | J318: 2025
A319: =A318+1 -> 316 | B319: CPU | C319: =H319&"/"&I319&"/"&J319 -> PC/1379/2025 | D319: TRUE | E319: FALSE | H319: PC | I319: =I318+1 -> 1379 | J319: 2025
A320: =A319+1 -> 317 | B320: CPU | C320: =H320&"/"&I320&"/"&J320 -> PC/1380/2025 | D320: TRUE | E320: FALSE | H320: PC | I320: =I319+1 -> 1380 | J320: 2025
A321: =A320+1 -> 318 | B321: CPU | C321: =H321&"/"&I321&"/"&J321 -> PC/1381/2025 | D321: TRUE | E321: FALSE | H321: PC | I321: =I320+1 -> 1381 | J321: 2025
A322: =A321+1 -> 319 | B322: CPU | C322: =H322&"/"&I322&"/"&J322 -> PC/1382/2025 | D322: TRUE | E322: FALSE | F322: 45869 | H322: PC | I322: =I321+1 -> 1382 | J322: 2025
A323: =A322+1 -> 320 | B323: CPU | C323: =H323&"/"&I323&"/"&J323 -> PC/1383/2025 | D323: FALSE | E323: TRUE | H323: PC | I323: =I322+1 -> 1383 | J323: 2025
A324: =A323+1 -> 321 | B324: CPU | C324: =H324&"/"&I324&"/"&J324 -> PC/1384/2025 | D324: FALSE | E324: TRUE | H324: PC | I324: =I323+1 -> 1384 | J324: 2025
A325: =A324+1 -> 322 | B325: CPU | C325: =H325&"/"&I325&"/"&J325 -> PC/1385/2025 | D325: FALSE | E325: TRUE | H325: PC | I325: =I324+1 -> 1385 | J325: 2025
A326: =A325+1 -> 323 | B326: CPU | C326: =H326&"/"&I326&"/"&J326 -> PC/1386/2025 | D326: FALSE | E326: TRUE | H326: PC | I326: =I325+1 -> 1386 | J326: 2025
A327: =A326+1 -> 324 | B327: CPU | C327: =H327&"/"&I327&"/"&J327 -> PC/1387/2025 | D327: FALSE | E327: TRUE | H327: PC | I327: =I326+1 -> 1387 | J327: 2025
A328: =A327+1 -> 325 | B328: CPU | C328: =H328&"/"&I328&"/"&J328 -> PC/1388/2025 | D328: FALSE | E328: TRUE | H328: PC | I328: =I327+1 -> 1388 | J328: 2025
...

Sheet CPU - INVENTARIS
A1: NO | B1: NAMA ASET | C1: NO INVENTARIS | D1: TERPAKAI | E1: RUSAK | F1: PERBAIKI | G1: KETERANGAN
A2: 1 | B2: CPU | C2: 6 | D2: TRUE | E2: FALSE | F2: FALSE
A3: =A2+1 -> 2 | B3: CPU | C3: 8 | D3: TRUE | E3: FALSE | F3: FALSE
A4: =A3+1 -> 3 | B4: CPU | C4: 9 | D4: TRUE | E4: FALSE | F4: FALSE
A5: =A4+1 -> 4 | B5: CPU | C5: 14 | D5: TRUE | E5: FALSE | F5: FALSE
A6: =A5+1 -> 5 | B6: CPU | C6: 18 | D6: TRUE | E6: FALSE | F6: FALSE
A7: =A6+1 -> 6 | B7: CPU | C7: 20 | D7: TRUE | E7: FALSE | F7: FALSE
A8: =A7+1 -> 7 | B8: CPU | C8: 23 | D8: TRUE | E8: FALSE | F8: FALSE
A9: =A8+1 -> 8 | B9: CPU | C9: 25 | D9: TRUE | E9: FALSE | F9: FALSE
A10: =A9+1 -> 9 | B10: CPU | C10: 30 | D10: TRUE | E10: FALSE | F10: FALSE
A11: =A10+1 -> 10 | B11: CPU | C11: 40 | D11: TRUE | E11: FALSE | F11: FALSE
A12: =A11+1 -> 11 | B12: CPU | C12: 41 | D12: TRUE | E12: FALSE | F12: FALSE
A13: =A12+1 -> 12 | B13: CPU | C13: 43 | D13: TRUE | E13: FALSE | F13: FALSE
A14: =A13+1 -> 13 | B14: CPU | C14: 47 | D14: TRUE | E14: FALSE | F14: FALSE
... A171: =A170+1 -> 170 | B171: CPU | C171: 619 | D171: TRUE | E171: FALSE | F171: FALSE
A172: =A171+1 -> 171 | B172: CPU | C172: B.11/212/33/2018 | D172: TRUE | E172: FALSE | F172: FALSE
A173: =A172+1 -> 172 | B173: CPU | C173: B.3/230/15/2019 | D173: TRUE | E173: FALSE | F173: FALSE
A174: =A173+1 -> 173 | B174: CPU | C174: B.3/230/18/2019 | D174: TRUE | E174: FALSE | F174: FALSE
A175: =A174+1 -> 174 | B175: CPU | C175: B.3/230/41/2019 | D175: TRUE | E175: FALSE | F175: FALSE
A176: =A175+1 -> 175 | B176: CPU | C176: B.3/230/47/2019 | D176: TRUE | E176: FALSE | F176: FALSE
A177: =A176+1 -> 176 | B177: CPU | C177: B11/212/13/2019 | D177: TRUE | E177: FALSE | F177: FALSE
A178: =A177+1 -> 177 | B178: CPU | C178: B11/212/18/2019 | D178: TRUE | E178: FALSE | F178: FALSE
A179: =A178+1 -> 178 | B179: CPU | C179: B11/212/22/2019 | D179: TRUE | E179: FALSE | F179: FALSE
A180: =A179+1 -> 179 | B180: CPU | C180: B11/212/25/2019 | D180: TRUE | E180: FALSE | F180: FALSE
A181: =A180+1 -> 180 | B181: CPU | C181: B11/212/27/2019 | D181: TRUE | E181: FALSE | F181: FALSE
A182: =A181+1 -> 181 | B182: CPU | C182: B11/212/49/2019 | D182: TRUE | E182: FALSE | F182: FALSE
A183: =A182+1 -> 182 | B183: CPU | C183: B3/230/01/2019 | D183: TRUE | E183: FALSE | F183: FALSE
... A1089: =A1088+1 -> 1088 | B1089: CPU | C1089: PC/1508/2025 | D1089: TRUE | E1089: FALSE | F1089: FALSE

Sheet MOUSE - NO INV
B1: NOMOR INVENTARIS TERAKHIR = MS/1518/2023
A3: NO | B3: NAMA ASET | C3: NO INVENTARIS | D3: STIKER TERTEMPEL | E3: STIKER BLM TERTEMPEL | F3: KETERANGAN | H3: KODE | I3: NOMOR | J3: TAHUN | L3: TERPAKAI
A4: 1 | B4: Mouse | C4: =H4&"/"&I4&"/"&J4 -> MS/1519/2025 | D4: TRUE | E4: FALSE | H4: MS | I4: 1519 | J4: 2025 | L4: DIPERBAIKI
A5: =A4+1 -> 2 | B5: Mouse | C5: =H5&"/"&I5&"/"&J5 -> MS/1520/2025 | D5: TRUE | E5: FALSE | H5: MS | I5: =I4+1 -> 1520 | J5: 2025 | L5: RUSAK
A6: =A5+1 -> 3 | B6: Mouse | C6: =H6&"/"&I6&"/"&J6 -> MS/1521/2025 | D6: TRUE | E6: FALSE | H6: MS | I6: =I5+1 -> 1521 | J6: 2025
A7: =A6+1 -> 4 | B7: Mouse | C7: =H7&"/"&I7&"/"&J7 -> MS/1522/2025 | D7: TRUE | E7: FALSE | H7: MS | I7: =I6+1 -> 1522 | J7: 2025
A8: =A7+1 -> 5 | B8: Mouse | C8: =H8&"/"&I8&"/"&J8 -> MS/1523/2025 | D8: TRUE | E8: FALSE | H8: MS | I8: =I7+1 -> 1523 | J8: 2025
A9: =A8+1 -> 6 | B9: Mouse | C9: =H9&"/"&I9&"/"&J9 -> MS/1524/2025 | D9: TRUE | E9: FALSE | H9: MS | I9: =I8+1 -> 1524 | J9: 2025
A10: =A9+1 -> 7 | B10: Mouse | C10: =H10&"/"&I10&"/"&J10 -> MS/1525/2025 | D10: TRUE | E10: FALSE | H10: MS | I10: =I9+1 -> 1525 | J10: 2025
A11: =A10+1 -> 8 | B11: Mouse | C11: =H11&"/"&I11&"/"&J11 -> MS/1526/2025 | D11: TRUE | E11: FALSE | H11: MS | I11: =I10+1 -> 1526 | J11: 2025
A12: =A11+1 -> 9 | B12: Mouse | C12: =H12&"/"&I12&"/"&J12 -> MS/1527/2025 | D12: TRUE | E12: FALSE | H12: MS | I12: =I11+1 -> 1527 | J12: 2025
A13: =A12+1 -> 10 | B13: Mouse | C13: =H13&"/"&I13&"/"&J13 -> MS/1528/2025 | D13: TRUE | E13: FALSE | H13: MS | I13: =I12+1 -> 1528 | J13: 2025
A14: =A13+1 -> 11 | B14: Mouse | C14: =H14&"/"&I14&"/"&J14 -> MS/1529/2025 | D14: TRUE | E14: FALSE | H14: MS | I14: =I13+1 -> 1529 | J14: 2025
A15: =A14+1 -> 12 | B15: Mouse | C15: =H15&"/"&I15&"/"&J15 -> MS/1530/2025 | D15: TRUE | E15: FALSE | H15: MS | I15: =I14+1 -> 1530 | J15: 2025
A16: =A15+1 -> 13 | B16: Mouse | C16: =H16&"/"&I16&"/"&J16 -> MS/1531/2025 | D16: TRUE | E16: FALSE | H16: MS | I16: =I15+1 -> 1531 | J16: 2025
A17: =A16+1 -> 14 | B17: Mouse | C17: =H17&"/"&I17&"/"&J17 -> MS/1532/2025 | D17: TRUE | E17: FALSE | H17: MS | I17: =I16+1 -> 1532 | J17: 2025
... A234: =A233+1 -> 231 | B234: Mouse | C234: =H234&"/"&I234&"/"&J234 -> MS/1749/2025 | D234: TRUE | E234: FALSE | H234: MS | I234: =I233+1 -> 1749 | J234: 2025
A235: =A234+1 -> 232 | B235: Mouse | C235: =H235&"/"&I235&"/"&J235 -> MS/1750/2025 | D235: TRUE | E235: FALSE | F235: 45867 | H235: MS | I235: =I234+1 -> 1750 | J235: 2025
A236: =A235+1 -> 233 | B236: Mouse | C236: =H236&"/"&I236&"/"&J236 -> MS/1751/2025 | D236: TRUE | E236: FALSE | F236: 45867 | H236: MS | I236: =I235+1 -> 1751 | J236: 2025
A237: =A236+1 -> 234 | B237: Mouse | C237: =H237&"/"&I237&"/"&J237 -> MS/1752/2025 | D237: TRUE | E237: FALSE | H237: MS | I237: =I236+1 -> 1752 | J237: 2025
A238: =A237+1 -> 235 | B238: Mouse | C238: =H238&"/"&I238&"/"&J238 -> MS/1753/2025 | D238: TRUE | E238: FALSE | H238: MS | I238: =I237+1 -> 1753 | J238: 2025
A239: =A238+1 -> 236 | B239: Mouse | C239: =H239&"/"&I239&"/"&J239 -> MS/1754/2025 | D239: TRUE | E239: FALSE | H239: MS | I239: =I238+1 -> 1754 | J239: 2025
A240: =A239+1 -> 237 | B240: Mouse | C240: =H240&"/"&I240&"/"&J240 -> MS/1755/2025 | D240: TRUE | E240: FALSE | F240: 45867 | H240: MS | I240: =I239+1 -> 1755 | J240: 2025
A241: =A240+1 -> 238 | B241: Mouse | C241: =H241&"/"&I241&"/"&J241 -> MS/1756/2025 | D241: TRUE | E241: FALSE | F241: 45867 | H241: MS | I241: =I240+1 -> 1756 | J241: 2025
A242: =A241+1 -> 239 | B242: Mouse | C242: =H242&"/"&I242&"/"&J242 -> MS/1757/2025 | D242: TRUE | E242: FALSE | F242: 45867 | H242: MS | I242: =I241+1 -> 1757 | J242: 2025
A243: =A242+1 -> 240 | B243: Mouse | C243: =H243&"/"&I243&"/"&J243 -> MS/1758/2025 | D243: TRUE | E243: FALSE | F243: 45867 | H243: MS | I243: =I242+1 -> 1758 | J243: 2025
A244: =A243+1 -> 241 | B244: Mouse | C244: =H244&"/"&I244&"/"&J244 -> MS/1759/2025 | D244: TRUE | E244: FALSE | F244: 45867 | H244: MS | I244: =I243+1 -> 1759 | J244: 2025
A245: =A244+1 -> 242 | B245: Mouse | C245: =H245&"/"&I245&"/"&J245 -> MS/1760/2025 | D245: TRUE | E245: FALSE | F245: 45867 | H245: MS | I245: =I244+1 -> 1760 | J245: 2025
A246: =A245+1 -> 243 | B246: Mouse | C246: =H246&"/"&I246&"/"&J246 -> MS/1761/2025 | D246: TRUE | E246: FALSE | F246: 45867 | H246: MS | I246: =I245+1 -> 1761 | J246: 2025
A247: =A246+1 -> 244 | B247: Mouse | C247: =H247&"/"&I247&"/"&J247 -> MS/1762/2025 | D247: TRUE | E247: FALSE | F247: 45867 | H247: MS | I247: =I246+1 -> 1762 | J247: 2025
A248: =A247+1 -> 245 | B248: Mouse | C248: =H248&"/"&I248&"/"&J248 -> MS/1763/2025 | D248: TRUE | E248: FALSE | F248: 45867 | H248: MS | I248: =I247+1 -> 1763 | J248: 2025
A249: =A248+1 -> 246 | B249: Mouse | C249: =H249&"/"&I249&"/"&J249 -> MS/1764/2025 | D249: TRUE | E249: FALSE | F249: 45867 | H249: MS | I249: =I248+1 -> 1764 | J249: 2025
A250: =A249+1 -> 247 | B250: Mouse | C250: =H250&"/"&I250&"/"&J250 -> MS/1765/2025 | D250: TRUE | E250: FALSE | F250: 45867 | H250: MS | I250: =I249+1 -> 1765 | J250: 2025
A251: =A250+1 -> 248 | B251: Mouse | C251: =H251&"/"&I251&"/"&J251 -> MS/1766/2025 | D251: TRUE | E251: FALSE | F251: 45867 | H251: MS | I251: =I250+1 -> 1766 | J251: 2025
... A253: =A252+1 -> 250 | B253: Mouse | C253: =H253&"/"&I253&"/"&J253 -> MS/1768/2025 | D253: TRUE | E253: FALSE | F253: 45867 | H253: MS | I253: =I252+1 -> 1768 | J253: 2025
A254: =A253+1 -> 251 | B254: Mouse | C254: =H254&"/"&I254&"/"&J254 -> MS/1769/2025 | D254: TRUE | E254: FALSE | H254: MS | I254: =I253+1 -> 1769 | J254: 2025
A255: =A254+1 -> 252 | B255: Mouse | C255: =H255&"/"&I255&"/"&J255 -> MS/1770/2025 | D255: TRUE | E255: FALSE | H255: MS | I255: =I254+1 -> 1770 | J255: 2025
A256: =A255+1 -> 253 | B256: Mouse | C256: =H256&"/"&I256&"/"&J256 -> MS/1771/2025 | D256: TRUE | E256: FALSE | H256: MS | I256: =I255+1 -> 1771 | J256: 2025
A257: =A256+1 -> 254 | B257: Mouse | C257: =H257&"/"&I257&"/"&J257 -> MS/1772/2025 | D257: TRUE | E257: FALSE | H257: MS | I257: =I256+1 -> 1772 | J257: 2025
A258: =A257+1 -> 255 | B258: Mouse | C258: =H258&"/"&I258&"/"&J258 -> MS/1773/2025 | D258: TRUE | E258: FALSE | H258: MS | I258: =I257+1 -> 1773 | J258: 2025
A259: =A258+1 -> 256 | B259: Mouse | C259: =H259&"/"&I259&"/"&J259 -> MS/1774/2025 | D259: TRUE | E259: FALSE | H259: MS | I259: =I258+1 -> 1774 | J259: 2025
A260: =A259+1 -> 257 | B260: Mouse | C260: =H260&"/"&I260&"/"&J260 -> MS/1775/2025 | D260: TRUE | E260: FALSE | H260: MS | I260: =I259+1 -> 1775 | J260: 2025
A261: =A260+1 -> 258 | B261: Mouse | C261: =H261&"/"&I261&"/"&J261 -> MS/1776/2025 | D261: TRUE | E261: FALSE | H261: MS | I261: =I260+1 -> 1776 | J261: 2025
A262: =A261+1 -> 259 | B262: Mouse | C262: =H262&"/"&I262&"/"&J262 -> MS/1777/2025 | D262: TRUE | E262: FALSE | H262: MS | I262: =I261+1 -> 1777 | J262: 2025
A263: =A262+1 -> 260 | B263: Mouse | C263: =H263&"/"&I263&"/"&J263 -> MS/1778/2025 | D263: TRUE | E263: FALSE | H263: MS | I263: =I262+1 -> 1778 | J263: 2025
A264: =A263+1 -> 261 | B264: Mouse | C264: =H264&"/"&I264&"/"&J264 -> MS/1779/2025 | D264: TRUE | E264: FALSE | H264: MS | I264: =I263+1 -> 1779 | J264: 2025
A265: =A264+1 -> 262 | B265: Mouse | C265: =H265&"/"&I265&"/"&J265 -> MS/1780/2025 | D265: TRUE | E265: FALSE | H265: MS | I265: =I264+1 -> 1780 | J265: 2025
... A302: =A301+1 -> 299 | B302: Mouse | C302: =H302&"/"&I302&"/"&J302 -> MS/1817/2025 | D302: TRUE | E302: FALSE | H302: MS | I302: =I301+1 -> 1817 | J302: 2025
A303: =A302+1 -> 300 | B303: Mouse | C303: =H303&"/"&I303&"/"&J303 -> MS/1818/2025 | D303: TRUE | E303: FALSE | F303: 45867 | H303: MS | I303: =I302+1 -> 1818 | J303: 2025
A304: =A303+1 -> 301 | B304: Mouse | C304: =H304&"/"&I304&"/"&J304 -> MS/1819/2025 | D304: TRUE | E304: FALSE | F304: 45867 | H304: MS | I304: =I303+1 -> 1819 | J304: 2025
A305: =A304+1 -> 302 | B305: Mouse | C305: =H305&"/"&I305&"/"&J305 -> MS/1820/2025 | D305: TRUE | E305: FALSE | F305: 45867 | H305: MS | I305: =I304+1 -> 1820 | J305: 2025
A306: =A305+1 -> 303 | B306: Mouse | C306: =H306&"/"&I306&"/"&J306 -> MS/1821/2025 | D306: TRUE | E306: FALSE | F306: 45867 | H306: MS | I306: =I305+1 -> 1821 | J306: 2025
A307: =A306+1 -> 304 | B307: Mouse | C307: =H307&"/"&I307&"/"&J307 -> MS/1822/2025 | D307: TRUE | E307: FALSE | F307: 45867 | H307: MS | I307: =I306+1 -> 1822 | J307: 2025
A308: =A307+1 -> 305 | B308: Mouse | C308: =H308&"/"&I308&"/"&J308 -> MS/1823/2025 | D308: TRUE | E308: FALSE | F308: 45867 | H308: MS | I308: =I307+1 -> 1823 | J308: 2025
A309: =A308+1 -> 306 | B309: Mouse | C309: =H309&"/"&I309&"/"&J309 -> MS/1824/2025 | D309: TRUE | E309: FALSE | F309: 45867 | H309: MS | I309: =I308+1 -> 1824 | J309: 2025
A310: =A309+1 -> 307 | B310: Mouse | C310: =H310&"/"&I310&"/"&J310 -> MS/1825/2025 | D310: TRUE | E310: FALSE | F310: 45867 | H310: MS | I310: =I309+1 -> 1825 | J310: 2025
A311: =A310+1 -> 308 | B311: Mouse | C311: =H311&"/"&I311&"/"&J311 -> MS/1826/2025 | D311: TRUE | E311: FALSE | F311: 45867 | H311: MS | I311: =I310+1 -> 1826 | J311: 2025
A312: =A311+1 -> 309 | B312: Mouse | C312: =H312&"/"&I312&"/"&J312 -> MS/1827/2025 | D312: TRUE | E312: FALSE | F312: 45869 | H312: MS | I312: =I311+1 -> 1827 | J312: 2025
A313: =A312+1 -> 310 | B313: Mouse | C313: =H313&"/"&I313&"/"&J313 -> MS/1828/2025 | D313: TRUE | E313: FALSE | F313: 45869 | H313: MS | I313: =I312+1 -> 1828 | J313: 2025
A314: =A313+1 -> 311 | B314: Mouse | C314: =H314&"/"&I314&"/"&J314 -> MS/1829/2025 | D314: TRUE | E314: FALSE | F314: 45869 | H314: MS | I314: =I313+1 -> 1829 | J314: 2025
... A318: =A317+1 -> 315 | B318: Mouse | C318: =H318&"/"&I318&"/"&J318 -> MS/1833/2025 | D318: TRUE | E318: FALSE | F318: 45869 | H318: MS | I318: =I317+1 -> 1833 | J318: 2025
A319: =A318+1 -> 316 | B319: Mouse | C319: =H319&"/"&I319&"/"&J319 -> MS/1834/2025 | D319: TRUE | E319: FALSE | H319: MS | I319: =I318+1 -> 1834 | J319: 2025
A320: =A319+1 -> 317 | B320: Mouse | C320: =H320&"/"&I320&"/"&J320 -> MS/1835/2025 | D320: TRUE | E320: FALSE | H320: MS | I320: =I319+1 -> 1835 | J320: 2025
A321: =A320+1 -> 318 | B321: Mouse | C321: =H321&"/"&I321&"/"&J321 -> MS/1836/2025 | D321: TRUE | E321: FALSE | H321: MS | I321: =I320+1 -> 1836 | J321: 2025
A322: =A321+1 -> 319 | B322: Mouse | C322: =H322&"/"&I322&"/"&J322 -> MS/1837/2025 | D322: TRUE | E322: FALSE | H322: MS | I322: =I321+1 -> 1837 | J322: 2025
A323: =A322+1 -> 320 | B323: Mouse | C323: =H323&"/"&I323&"/"&J323 -> MS/1838/2025 | D323: TRUE | E323: FALSE | H323: MS | I323: =I322+1 -> 1838 | J323: 2025
A324: =A323+1 -> 321 | B324: Mouse | C324: =H324&"/"&I324&"/"&J324 -> MS/1839/2025 | D324: TRUE | E324: FALSE | H324: MS | I324: =I323+1 -> 1839 | J324: 2025
A325: =A324+1 -> 322 | B325: Mouse | C325: =H325&"/"&I325&"/"&J325 -> MS/1840/2025 | D325: TRUE | E325: FALSE | H325: MS | I325: =I324+1 -> 1840 | J325: 2025
A326: =A325+1 -> 323 | B326: Mouse | C326: =H326&"/"&I326&"/"&J326 -> MS/1841/2025 | D326: TRUE | E326: FALSE | H326: MS | I326: =I325+1 -> 1841 | J326: 2025
A327: =A326+1 -> 324 | B327: Mouse | C327: =H327&"/"&I327&"/"&J327 -> MS/1842/2025 | D327: TRUE | E327: FALSE | H327: MS | I327: =I326+1 -> 1842 | J327: 2025
A328: =A327+1 -> 325 | B328: Mouse | C328: =H328&"/"&I328&"/"&J328 -> MS/1843/2025 | D328: TRUE | E328: FALSE | H328: MS | I328: =I327+1 -> 1843 | J328: 2025
A329: =A328+1 -> 326 | B329: Mouse | C329: =H329&"/"&I329&"/"&J329 -> MS/1844/2025 | D329: TRUE | E329: FALSE | H329: MS | I329: =I328+1 -> 1844 | J329: 2025
A330: =A329+1 -> 327 | B330: Mouse | C330: =H330&"/"&I330&"/"&J330 -> MS/1845/2025 | D330: TRUE | E330: FALSE | H330: MS | I330: =I329+1 -> 1845 | J330: 2025
... A403: =A402+1 -> 400 | B403: Mouse | C403: =H403&"/"&I403&"/"&J403 -> MS/1918/2025 | D403: TRUE | E403: FALSE | H403: MS | I403: =I402+1 -> 1918 | J403: 2025
A404: =A403+1 -> 401 | B404: Mouse | C404: =H404&"/"&I404&"/"&J404 -> MS/1919/2025 | D404: TRUE | E404: FALSE | F404: 45869 | H404: MS | I404: =I403+1 -> 1919 | J404: 2025
A405: =A404+1 -> 402 | B405: Mouse | C405: =H405&"/"&I405&"/"&J405 -> MS/1920/2025 | D405: TRUE | E405: FALSE | F405: 45869 | H405: MS | I405: =I404+1 -> 1920 | J405: 2025
A406: =A405+1 -> 403 | B406: Mouse | C406: =H406&"/"&I406&"/"&J406 -> MS/1921/2025 | D406: TRUE | E406: FALSE | H406: MS | I406: =I405+1 -> 1921 | J406: 2025
A407: =A406+1 -> 404 | B407: Mouse | C407: =H407&"/"&I407&"/"&J407 -> MS/1922/2025 | D407: TRUE | E407: FALSE | H407: MS | I407: =I406+1 -> 1922 | J407: 2025
A408: =A407+1 -> 405 | B408: Mouse | C408: =H408&"/"&I408&"/"&J408 -> MS/1923/2025 | D408: TRUE | E408: FALSE | H408: MS | I408: =I407+1 -> 1923 | J408: 2025
A409: =A408+1 -> 406 | B409: Mouse | C409: =H409&"/"&I409&"/"&J409 -> MS/1924/2025 | D409: TRUE | E409: FALSE | H409: MS | I409: =I408+1 -> 1924 | J409: 2025
A410: =A409+1 -> 407 | B410: Mouse | C410: =H410&"/"&I410&"/"&J410 -> MS/1925/2025 | D410: TRUE | E410: FALSE | H410: MS | I410: =I409+1 -> 1925 | J410: 2025
A411: =A410+1 -> 408 | B411: Mouse | C411: =H411&"/"&I411&"/"&J411 -> MS/1926/2025 | D411: TRUE | E411: FALSE | H411: MS | I411: =I410+1 -> 1926 | J411: 2025
A412: =A411+1 -> 409 | B412: Mouse | C412: =H412&"/"&I412&"/"&J412 -> MS/1927/2025 | D412: TRUE | E412: FALSE | H412: MS | I412: =I411+1 -> 1927 | J412: 2025
A413: =A412+1 -> 410 | B413: Mouse | C413: =H413&"/"&I413&"/"&J413 -> MS/1928/2025 | D413: TRUE | E413: FALSE | H413: MS | I413: =I412+1 -> 1928 | J413: 2025
A414: =A413+1 -> 411 | B414: Mouse | C414: =H414&"/"&I414&"/"&J414 -> MS/1929/2025 | D414: TRUE | E414: FALSE | H414: MS | I414: =I413+1 -> 1929 | J414: 2025
A415: =A414+1 -> 412 | B415: Mouse | C415: =H415&"/"&I415&"/"&J415 -> MS/1930/2025 | D415: TRUE | E415: FALSE | H415: MS | I415: =I414+1 -> 1930 | J415: 2025
A416: =A415+1 -> 413 | B416: Mouse | C416: =H416&"/"&I416&"/"&J416 -> MS/1931/2025 | D416: TRUE | E416: FALSE | H416: MS | I416: =I415+1 -> 1931 | J416: 2025
A417: =A416+1 -> 414 | B417: Mouse | C417: =H417&"/"&I417&"/"&J417 -> MS/1932/2025 | D417: TRUE | E417: FALSE | H417: MS | I417: =I416+1 -> 1932 | J417: 2025
... A440: =A439+1 -> 437 | B440: Mouse | C440: =H440&"/"&I440&"/"&J440 -> MS/1955/2025 | D440: TRUE | E440: FALSE | H440: MS | I440: =I439+1 -> 1955 | J440: 2025
A441: =A440+1 -> 438 | B441: Mouse | C441: =H441&"/"&I441&"/"&J441 -> MS/1956/2025 | D441: TRUE | E441: FALSE | F441: 45869 | H441: MS | I441: =I440+1 -> 1956 | J441: 2025
A442: =A441+1 -> 439 | B442: Mouse | C442: =H442&"/"&I442&"/"&J442 -> MS/1957/2025 | D442: TRUE | E442: FALSE | H442: MS | I442: =I441+1 -> 1957 | J442: 2025
A443: =A442+1 -> 440 | B443: Mouse | C443: =H443&"/"&I443&"/"&J443 -> MS/1958/2025 | D443: TRUE | E443: FALSE | F443: 45869 | H443: MS | I443: =I442+1 -> 1958 | J443: 2025
A444: =A443+1 -> 441 | B444: Mouse | C444: =H444&"/"&I444&"/"&J444 -> MS/1959/2025 | D444: TRUE | E444: FALSE | H444: MS | I444: =I443+1 -> 1959 | J444: 2025
A445: =A444+1 -> 442 | B445: Mouse | C445: =H445&"/"&I445&"/"&J445 -> MS/1960/2025 | D445: TRUE | E445: FALSE | H445: MS | I445: =I444+1 -> 1960 | J445: 2025
A446: =A445+1 -> 443 | B446: Mouse | C446: =H446&"/"&I446&"/"&J446 -> MS/1961/2025 | D446: TRUE | E446: FALSE | H446: MS | I446: =I445+1 -> 1961 | J446: 2025
A447: =A446+1 -> 444 | B447: Mouse | C447: =H447&"/"&I447&"/"&J447 -> MS/1962/2025 | D447: TRUE | E447: FALSE | H447: MS | I447: =I446+1 -> 1962 | J447: 2025
A448: =A447+1 -> 445 | B448: Mouse | C448: =H448&"/"&I448&"/"&J448 -> MS/1963/2025 | D448: TRUE | E448: FALSE | H448: MS | I448: =I447+1 -> 1963 | J448: 2025
A449: =A448+1 -> 446 | B449: Mouse | C449: =H449&"/"&I449&"/"&J449 -> MS/1964/2025 | D449: TRUE | E449: FALSE | F449: 45869 | H449: MS | I449: =I448+1 -> 1964 | J449: 2025
A450: =A449+1 -> 447 | B450: Mouse | C450: =H450&"/"&I450&"/"&J450 -> MS/1965/2025 | D450: TRUE | E450: FALSE | H450: MS | I450: =I449+1 -> 1965 | J450: 2025
A451: =A450+1 -> 448 | B451: Mouse | C451: =H451&"/"&I451&"/"&J451 -> MS/1966/2025 | D451: TRUE | E451: FALSE | F451: 45869 | H451: MS | I451: =I450+1 -> 1966 | J451: 2025
...

Sheet MOUSE - INVENTARIS
A1: NO | B1: NAMA ASET | C1: NO INVENTARIS | D1: TERPAKAI | E1: RUSAK | F1: PERBAIKI | G1: KETERANGAN
A2: 1 | B2: Mouse | C2: 9 | D2: TRUE | E2: FALSE | F2: FALSE
A3: =A2+1 -> 2 | B3: Mouse | C3: 36 | D3: TRUE | E3: FALSE | F3: FALSE
A4: =A3+1 -> 3 | B4: Mouse | C4: 50 | D4: TRUE | E4: FALSE | F4: FALSE
A5: =A4+1 -> 4 | B5: Mouse | C5: 78 | D5: TRUE | E5: FALSE | F5: FALSE
A6: =A5+1 -> 5 | B6: Mouse | C6: 88 | D6: TRUE | E6: FALSE | F6: FALSE
A7: =A6+1 -> 6 | B7: Mouse | C7: 113 | D7: TRUE | E7: FALSE | F7: FALSE
A8: =A7+1 -> 7 | B8: Mouse | C8: 121 | D8: TRUE | E8: FALSE | F8: FALSE
A9: =A8+1 -> 8 | B9: Mouse | C9: 136 | D9: TRUE | E9: FALSE | F9: FALSE
A10: =A9+1 -> 9 | B10: Mouse | C10: 136 | D10: TRUE | E10: FALSE | F10: FALSE
A11: =A10+1 -> 10 | B11: Mouse | C11: 183 | D11: TRUE | E11: FALSE | F11: FALSE
A12: =A11+1 -> 11 | B12: Mouse | C12: 224 | D12: TRUE | E12: FALSE | F12: FALSE
A13: =A12+1 -> 12 | B13: Mouse | C13: 246 | D13: TRUE | E13: FALSE | F13: FALSE
A14: =A13+1 -> 13 | B14: Mouse | C14: 274 | D14: TRUE | E14: FALSE | F14: FALSE
... A27: =A26+1 -> 26 | B27: Mouse | C27: 588 | D27: TRUE | E27: FALSE | F27: FALSE
A28: =A27+1 -> 27 | B28: Mouse | C28: B.10/211/27/2019 | D28: TRUE | E28: FALSE | F28: FALSE
A29: =A28+1 -> 28 | B29: Mouse | C29: MS/0002/2019 | D29: TRUE | E29: FALSE | F29: FALSE
A30: =A29+1 -> 29 | B30: Mouse | C30: MS/0003/2019 | D30: TRUE | E30: FALSE | F30: FALSE
A31: =A30+1 -> 30 | B31: Mouse | C31: MS/0004/2019 | D31: TRUE | E31: FALSE | F31: FALSE
A32: =A31+1 -> 31 | B32: Mouse | C32: MS/0005/2019 | D32: TRUE | E32: FALSE | F32: FALSE
A33: =A32+1 -> 32 | B33: Mouse | C33: MS/0006/2019 | D33: TRUE | E33: FALSE | F33: FALSE
A34: =A33+1 -> 33 | B34: Mouse | C34: MS/0007/2019 | D34: TRUE | E34: FALSE | F34: FALSE
A35: =A34+1 -> 34 | B35: Mouse | C35: MS/0007/2019 | D35: TRUE | E35: FALSE | F35: FALSE
A36: =A35+1 -> 35 | B36: Mouse | C36: MS/0014/2019 | D36: TRUE | E36: FALSE | F36: FALSE
A37: =A36+1 -> 36 | B37: Mouse | C37: MS/0015/2019 | D37: TRUE | E37: FALSE | F37: FALSE
A38: =A37+1 -> 37 | B38: Mouse | C38: MS/0016/2019 | D38: TRUE | E38: FALSE | F38: FALSE
A39: =A38+1 -> 38 | B39: Mouse | C39: MS/0017/2019 | D39: TRUE | E39: FALSE | F39: FALSE
... A1042: =A1041+1 -> 1041 | B1042: Mouse | C1042: MS/1814/2025 | D1042: TRUE | E1042: FALSE | F1042: FALSE

Sheet HEADSET - NO INV
B1: NOMOR INVENTARIS TERAKHIR = HD/1067/2023
A3: NO | B3: NAMA ASET | C3: NO INVENTARIS | D3: STIKER TERTEMPEL | E3: STIKER BLM TERTEMPEL | F3: KETERANGAN | H3: KODE | I3: NOMOR | J3: TAHUN | L3: TERPAKAI
A4: 1 | B4: Headset | C4: =H4&"/"&I4&"/"&J4 -> HD/1068/2025 | D4: TRUE | E4: FALSE | H4: HD | I4: 1068 | J4: 2025 | L4: DIPERBAIKI
A5: =A4+1 -> 2 | B5: Headset | C5: =H5&"/"&I5&"/"&J5 -> HD/1069/2025 | D5: TRUE | E5: FALSE | H5: HD | I5: =I4+1 -> 1069 | J5: 2025 | L5: RUSAK
A6: =A5+1 -> 3 | B6: Headset | C6: =H6&"/"&I6&"/"&J6 -> HD/1070/2025 | D6: TRUE | E6: FALSE | H6: HD | I6: =I5+1 -> 1070 | J6: 2025
A7: =A6+1 -> 4 | B7: Headset | C7: =H7&"/"&I7&"/"&J7 -> HD/1071/2025 | D7: TRUE | E7: FALSE | H7: HD | I7: =I6+1 -> 1071 | J7: 2025
A8: =A7+1 -> 5 | B8: Headset | C8: =H8&"/"&I8&"/"&J8 -> HD/1072/2025 | D8: TRUE | E8: FALSE | H8: HD | I8: =I7+1 -> 1072 | J8: 2025
A9: =A8+1 -> 6 | B9: Headset | C9: =H9&"/"&I9&"/"&J9 -> HD/1073/2025 | D9: TRUE | E9: FALSE | H9: HD | I9: =I8+1 -> 1073 | J9: 2025
A10: =A9+1 -> 7 | B10: Headset | C10: =H10&"/"&I10&"/"&J10 -> HD/1074/2025 | D10: TRUE | E10: FALSE | H10: HD | I10: =I9+1 -> 1074 | J10: 2025
A11: =A10+1 -> 8 | B11: Headset | C11: =H11&"/"&I11&"/"&J11 -> HD/1075/2025 | D11: TRUE | E11: FALSE | H11: HD | I11: =I10+1 -> 1075 | J11: 2025
A12: =A11+1 -> 9 | B12: Headset | C12: =H12&"/"&I12&"/"&J12 -> HD/1076/2025 | D12: TRUE | E12: FALSE | H12: HD | I12: =I11+1 -> 1076 | J12: 2025
A13: =A12+1 -> 10 | B13: Headset | C13: =H13&"/"&I13&"/"&J13 -> HD/1077/2025 | D13: TRUE | E13: FALSE | H13: HD | I13: =I12+1 -> 1077 | J13: 2025
A14: =A13+1 -> 11 | B14: Headset | C14: =H14&"/"&I14&"/"&J14 -> HD/1078/2025 | D14: TRUE | E14: FALSE | H14: HD | I14: =I13+1 -> 1078 | J14: 2025
A15: =A14+1 -> 12 | B15: Headset | C15: =H15&"/"&I15&"/"&J15 -> HD/1079/2025 | D15: TRUE | E15: FALSE | H15: HD | I15: =I14+1 -> 1079 | J15: 2025
A16: =A15+1 -> 13 | B16: Headset | C16: =H16&"/"&I16&"/"&J16 -> HD/1080/2025 | D16: TRUE | E16: FALSE | H16: HD | I16: =I15+1 -> 1080 | J16: 2025
A17: =A16+1 -> 14 | B17: Headset | C17: =H17&"/"&I17&"/"&J17 -> HD/1081/2025 | D17: TRUE | E17: FALSE | H17: HD | I17: =I16+1 -> 1081 | J17: 2025
... A541: =A540+1 -> 538 | B541: Headset | C541: =H541&"/"&I541&"/"&J541 -> HD/1605/2025 | D541: TRUE | E541: FALSE | H541: HD | I541: =I540+1 -> 1605 | J541: 2025
A542: =A541+1 -> 539 | B542: Headset | C542: =H542&"/"&I542&"/"&J542 -> HD/1606/2025 | D542: TRUE | E542: FALSE | F542: Tempel 14/11/2025 | H542: HD | I542: =I541+1 -> 1606 | J542: 2025
A543: =A542+1 -> 540 | B543: Headset | C543: =H543&"/"&I543&"/"&J543 -> HD/1607/2025 | D543: TRUE | E543: FALSE | F543: Tempel 14/11/2025 | H543: HD | I543: =I542+1 -> 1607 | J543: 2025
A544: =A543+1 -> 541 | B544: Headset | C544: =H544&"/"&I544&"/"&J544 -> HD/1608/2025 | D544: TRUE | E544: FALSE | H544: HD | I544: =I543+1 -> 1608 | J544: 2025
A545: =A544+1 -> 542 | B545: Headset | C545: =H545&"/"&I545&"/"&J545 -> HD/1609/2025 | D545: TRUE | E545: FALSE | H545: HD | I545: =I544+1 -> 1609 | J545: 2025
A546: =A545+1 -> 543 | B546: Headset | C546: =H546&"/"&I546&"/"&J546 -> HD/1610/2025 | D546: TRUE | E546: FALSE | H546: HD | I546: =I545+1 -> 1610 | J546: 2025
A547: =A546+1 -> 544 | B547: Headset | C547: =H547&"/"&I547&"/"&J547 -> HD/1611/2025 | D547: TRUE | E547: FALSE | H547: HD | I547: =I546+1 -> 1611 | J547: 2025
A548: =A547+1 -> 545 | B548: Headset | C548: =H548&"/"&I548&"/"&J548 -> HD/1612/2025 | D548: TRUE | E548: FALSE | H548: HD | I548: =I547+1 -> 1612 | J548: 2025
A549: =A548+1 -> 546 | B549: Headset | C549: =H549&"/"&I549&"/"&J549 -> HD/1613/2025 | D549: TRUE | E549: FALSE | H549: HD | I549: =I548+1 -> 1613 | J549: 2025
A550: =A549+1 -> 547 | B550: Headset | C550: =H550&"/"&I550&"/"&J550 -> HD/1614/2025 | D550: TRUE | E550: FALSE | H550: HD | I550: =I549+1 -> 1614 | J550: 2025
A551: =A550+1 -> 548 | B551: Headset | C551: =H551&"/"&I551&"/"&J551 -> HD/1615/2025 | D551: TRUE | E551: FALSE | H551: HD | I551: =I550+1 -> 1615 | J551: 2025
A552: =A551+1 -> 549 | B552: Headset | C552: =H552&"/"&I552&"/"&J552 -> HD/1616/2025 | D552: TRUE | E552: FALSE | H552: HD | I552: =I551+1 -> 1616 | J552: 2025
A553: =A552+1 -> 550 | B553: Headset | C553: =H553&"/"&I553&"/"&J553 -> HD/1617/2025 | D553: TRUE | E553: FALSE | H553: HD | I553: =I552+1 -> 1617 | J553: 2025
A554: =A553+1 -> 551 | B554: Headset | C554: =H554&"/"&I554&"/"&J554 -> HD/1618/2025 | D554: TRUE | E554: FALSE | F554: Tempel 14/11/2025 | H554: HD | I554: =I553+1 -> 1618 | J554: 2025
A555: =A554+1 -> 552 | B555: Headset | C555: =H555&"/"&I555&"/"&J555 -> HD/1619/2025 | D555: TRUE | E555: FALSE | F555: Tempel 14/11/2025 | H555: HD | I555: =I554+1 -> 1619 | J555: 2025
A556: =A555+1 -> 553 | B556: Headset | C556: =H556&"/"&I556&"/"&J556 -> HD/1620/2025 | D556: TRUE | E556: FALSE | F556: Tempel 14/11/2025 | H556: HD | I556: =I555+1 -> 1620 | J556: 2025
A557: =A556+1 -> 554 | B557: Headset | C557: =H557&"/"&I557&"/"&J557 -> HD/1621/2025 | D557: TRUE | E557: FALSE | F557: Tempel 14/11/2025 | H557: HD | I557: =I556+1 -> 1621 | J557: 2025
A558: =A557+1 -> 555 | B558: Headset | C558: =H558&"/"&I558&"/"&J558 -> HD/1622/2025 | D558: TRUE | E558: FALSE | F558: Tempel 14/11/2025 | H558: HD | I558: =I557+1 -> 1622 | J558: 2025
A559: =A558+1 -> 556 | B559: Headset | C559: =H559&"/"&I559&"/"&J559 -> HD/1623/2025 | D559: TRUE | E559: FALSE | F559: Tempel 14/11/2025 | H559: HD | I559: =I558+1 -> 1623 | J559: 2025
A560: =A559+1 -> 557 | B560: Headset | C560: =H560&"/"&I560&"/"&J560 -> HD/1624/2025 | D560: TRUE | E560: FALSE | F560: Tempel 14/11/2025 | H560: HD | I560: =I559+1 -> 1624 | J560: 2025
A561: =A560+1 -> 558 | B561: Headset | C561: =H561&"/"&I561&"/"&J561 -> HD/1625/2025 | D561: TRUE | E561: FALSE | F561: Tempel 14/11/2025 | H561: HD | I561: =I560+1 -> 1625 | J561: 2025
A562: =A561+1 -> 559 | B562: Headset | C562: =H562&"/"&I562&"/"&J562 -> HD/1626/2025 | D562: TRUE | E562: FALSE | F562: Tempel 14/11/2025 | H562: HD | I562: =I561+1 -> 1626 | J562: 2025
A563: =A562+1 -> 560 | B563: Headset | C563: =H563&"/"&I563&"/"&J563 -> HD/1627/2025 | D563: TRUE | E563: FALSE | H563: HD | I563: =I562+1 -> 1627 | J563: 2025
A564: =A563+1 -> 561 | B564: Headset | C564: =H564&"/"&I564&"/"&J564 -> HD/1628/2025 | D564: TRUE | E564: FALSE | H564: HD | I564: =I563+1 -> 1628 | J564: 2025
A565: =A564+1 -> 562 | B565: Headset | C565: =H565&"/"&I565&"/"&J565 -> HD/1629/2025 | D565: TRUE | E565: FALSE | H565: HD | I565: =I564+1 -> 1629 | J565: 2025
A566: =A565+1 -> 563 | B566: Headset | C566: =H566&"/"&I566&"/"&J566 -> HD/1630/2025 | D566: TRUE | E566: FALSE | H566: HD | I566: =I565+1 -> 1630 | J566: 2025
A567: =A566+1 -> 564 | B567: Headset | C567: =H567&"/"&I567&"/"&J567 -> HD/1631/2025 | D567: TRUE | E567: FALSE | H567: HD | I567: =I566+1 -> 1631 | J567: 2025
A568: =A567+1 -> 565 | B568: Headset | C568: =H568&"/"&I568&"/"&J568 -> HD/1632/2025 | D568: TRUE | E568: FALSE | H568: HD | I568: =I567+1 -> 1632 | J568: 2025
A569: =A568+1 -> 566 | B569: Headset | C569: =H569&"/"&I569&"/"&J569 -> HD/1633/2025 | D569: TRUE | E569: FALSE | H569: HD | I569: =I568+1 -> 1633 | J569: 2025
A570: =A569+1 -> 567 | B570: Headset | C570: =H570&"/"&I570&"/"&J570 -> HD/1634/2025 | D570: TRUE | E570: FALSE | H570: HD | I570: =I569+1 -> 1634 | J570: 2025
A571: =A570+1 -> 568 | B571: Headset | C571: =H571&"/"&I571&"/"&J571 -> HD/1635/2025 | D571: TRUE | E571: FALSE | H571: HD | I571: =I570+1 -> 1635 | J571: 2025
A572: =A571+1 -> 569 | B572: Headset | C572: =H572&"/"&I572&"/"&J572 -> HD/1636/2025 | D572: TRUE | E572: FALSE | H572: HD | I572: =I571+1 -> 1636 | J572: 2025
A573: =A572+1 -> 570 | B573: Headset | C573: =H573&"/"&I573&"/"&J573 -> HD/1637/2025 | D573: TRUE | E573: FALSE | H573: HD | I573: =I572+1 -> 1637 | J573: 2025
A574: =A573+1 -> 571 | B574: Headset | C574: =H574&"/"&I574&"/"&J574 -> HD/1638/2025 | D574: TRUE | E574: FALSE | H574: HD | I574: =I573+1 -> 1638 | J574: 2025
... A815: =A814+1 -> 812 | B815: Headset | C815: =H815&"/"&I815&"/"&J815 -> HD/1879/2025 | D815: TRUE | E815: FALSE | H815: HD | I815: =I814+1 -> 1879 | J815: 2025
A816: =A815+1 -> 813 | B816: Headset | C816: =H816&"/"&I816&"/"&J816 -> HD/1880/2025 | D816: TRUE | E816: FALSE | F816: Tempel 14/11/2025 | H816: HD | I816: =I815+1 -> 1880 | J816: 2025
A817: =A816+1 -> 814 | B817: Headset | C817: =H817&"/"&I817&"/"&J817 -> HD/1881/2025 | D817: TRUE | E817: FALSE | F817: Tempel 14/11/2025 | H817: HD | I817: =I816+1 -> 1881 | J817: 2025
A818: =A817+1 -> 815 | B818: Headset | C818: =H818&"/"&I818&"/"&J818 -> HD/1882/2025 | D818: TRUE | E818: FALSE | F818: Tempel 14/11/2025 | H818: HD | I818: =I817+1 -> 1882 | J818: 2025
A819: =A818+1 -> 816 | B819: Headset | C819: =H819&"/"&I819&"/"&J819 -> HD/1883/2025 | D819: TRUE | E819: FALSE | F819: Tempel 14/11/2025 | H819: HD | I819: =I818+1 -> 1883 | J819: 2025
A820: =A819+1 -> 817 | B820: Headset | C820: =H820&"/"&I820&"/"&J820 -> HD/1884/2025 | D820: TRUE | E820: FALSE | F820: Tempel 14/11/2025 | H820: HD | I820: =I819+1 -> 1884 | J820: 2025
A821: =A820+1 -> 818 | B821: Headset | C821: =H821&"/"&I821&"/"&J821 -> HD/1885/2025 | D821: TRUE | E821: FALSE | F821: Tempel 14/11/2025 | H821: HD | I821: =I820+1 -> 1885 | J821: 2025
A822: =A821+1 -> 819 | B822: Headset | C822: =H822&"/"&I822&"/"&J822 -> HD/1886/2025 | D822: TRUE | E822: FALSE | H822: HD | I822: =I821+1 -> 1886 | J822: 2025
A823: =A822+1 -> 820 | B823: Headset | C823: =H823&"/"&I823&"/"&J823 -> HD/1887/2025 | D823: TRUE | E823: FALSE | H823: HD | I823: =I822+1 -> 1887 | J823: 2025
A824: =A823+1 -> 821 | B824: Headset | C824: =H824&"/"&I824&"/"&J824 -> HD/1888/2025 | D824: TRUE | E824: FALSE | H824: HD | I824: =I823+1 -> 1888 | J824: 2025
A825: =A824+1 -> 822 | B825: Headset | C825: =H825&"/"&I825&"/"&J825 -> HD/1889/2025 | D825: TRUE | E825: FALSE | F825: Tempel 14/11/2025 | H825: HD | I825: =I824+1 -> 1889 | J825: 2025
A826: =A825+1 -> 823 | B826: Headset | C826: =H826&"/"&I826&"/"&J826 -> HD/1890/2025 | D826: TRUE | E826: FALSE | F826: Tempel 14/11/2025 | H826: HD | I826: =I825+1 -> 1890 | J826: 2025
A827: =A826+1 -> 824 | B827: Headset | C827: =H827&"/"&I827&"/"&J827 -> HD/1891/2025 | D827: TRUE | E827: FALSE | F827: Tempel 14/11/2025 | H827: HD | I827: =I826+1 -> 1891 | J827: 2025
A828: =A827+1 -> 825 | B828: Headset | C828: =H828&"/"&I828&"/"&J828 -> HD/1892/2025 | D828: TRUE | E828: FALSE | H828: HD | I828: =I827+1 -> 1892 | J828: 2025
A829: =A828+1 -> 826 | B829: Headset | C829: =H829&"/"&I829&"/"&J829 -> HD/1893/2025 | D829: TRUE | E829: FALSE | H829: HD | I829: =I828+1 -> 1893 | J829: 2025
A830: =A829+1 -> 827 | B830: Headset | C830: =H830&"/"&I830&"/"&J830 -> HD/1894/2025 | D830: TRUE | E830: FALSE | H830: HD | I830: =I829+1 -> 1894 | J830: 2025
A831: =A830+1 -> 828 | B831: Headset | C831: =H831&"/"&I831&"/"&J831 -> HD/1895/2025 | D831: TRUE | E831: FALSE | H831: HD | I831: =I830+1 -> 1895 | J831: 2025
A832: =A831+1 -> 829 | B832: Headset | C832: =H832&"/"&I832&"/"&J832 -> HD/1896/2025 | D832: TRUE | E832: FALSE | F832: Tempel 14/11/2025 | H832: HD | I832: =I831+1 -> 1896 | J832: 2025
A833: =A832+1 -> 830 | B833: Headset | C833: =H833&"/"&I833&"/"&J833 -> HD/1897/2025 | D833: TRUE | E833: FALSE | F833: Tempel 14/11/2025 | H833: HD | I833: =I832+1 -> 1897 | J833: 2025
A834: =A833+1 -> 831 | B834: Headset | C834: =H834&"/"&I834&"/"&J834 -> HD/1898/2025 | D834: TRUE | E834: FALSE | F834: Tempel 14/11/2025 | H834: HD | I834: =I833+1 -> 1898 | J834: 2025
A835: =A834+1 -> 832 | B835: Headset | C835: =H835&"/"&I835&"/"&J835 -> HD/1899/2025 | D835: TRUE | E835: FALSE | F835: Tempel 14/11/2025 | H835: HD | I835: =I834+1 -> 1899 | J835: 2025
A836: =A835+1 -> 833 | B836: Headset | C836: =H836&"/"&I836&"/"&J836 -> HD/1900/2025 | D836: TRUE | E836: FALSE | F836: Tempel 14/11/2025 | H836: HD | I836: =I835+1 -> 1900 | J836: 2025
A837: =A836+1 -> 834 | B837: Headset | C837: =H837&"/"&I837&"/"&J837 -> HD/1901/2025 | D837: TRUE | E837: FALSE | F837: Tempel 14/11/2025 | H837: HD | I837: =I836+1 -> 1901 | J837: 2025
A838: =A837+1 -> 835 | B838: Headset | C838: =H838&"/"&I838&"/"&J838 -> HD/1902/2025 | D838: TRUE | E838: FALSE | F838: Tempel 14/11/2025 | H838: HD | I838: =I837+1 -> 1902 | J838: 2025
A839: =A838+1 -> 836 | B839: Headset | C839: =H839&"/"&I839&"/"&J839 -> HD/1903/2025 | D839: TRUE | E839: FALSE | F839: Tempel 14/11/2025 | H839: HD | I839: =I838+1 -> 1903 | J839: 2025
A840: =A839+1 -> 837 | B840: Headset | C840: =H840&"/"&I840&"/"&J840 -> HD/1904/2025 | D840: TRUE | E840: FALSE | F840: Tempel 14/11/2025 | H840: HD | I840: =I839+1 -> 1904 | J840: 2025
A841: =A840+1 -> 838 | B841: Headset | C841: =H841&"/"&I841&"/"&J841 -> HD/1905/2025 | D841: TRUE | E841: FALSE | F841: Tempel 14/11/2025 | H841: HD | I841: =I840+1 -> 1905 | J841: 2025
A842: =A841+1 -> 839 | B842: Headset | C842: =H842&"/"&I842&"/"&J842 -> HD/1906/2025 | D842: TRUE | E842: FALSE | F842: Tempel 14/11/2025 | H842: HD | I842: =I841+1 -> 1906 | J842: 2025
A843: =A842+1 -> 840 | B843: Headset | C843: =H843&"/"&I843&"/"&J843 -> HD/1907/2025 | D843: TRUE | E843: FALSE | F843: Tempel 14/11/2025 | H843: HD | I843: =I842+1 -> 1907 | J843: 2025
... A921: =A920+1 -> 918 | B921: Headset | C921: =H921&"/"&I921&"/"&J921 -> HD/1985/2026 | D921: TRUE | E921: FALSE | F921: Tempel 23/04/2026 | H921: HD | I921: =I920+1 -> 1985 | J921: 2026
A922: =A921+1 -> 919 | B922: Headset | C922: =H922&"/"&I922&"/"&J922 -> HD/1986/2026 | D922: TRUE | E922: FALSE | F922: 46202 | H922: HD | I922: =I921+1 -> 1986 | J922: 2026
A923: =A922+1 -> 920 | B923: Headset | C923: =H923&"/"&I923&"/"&J923 -> HD/1987/2026 | D923: TRUE | E923: FALSE | F923: 46202 | H923: HD | I923: =I922+1 -> 1987 | J923: 2026
A924: =A923+1 -> 921 | B924: Headset | C924: =H924&"/"&I924&"/"&J924 -> HD/1988/2026 | D924: TRUE | E924: FALSE | F924: 46202 | H924: HD | I924: =I923+1 -> 1988 | J924: 2026
A925: =A924+1 -> 922 | B925: Headset | C925: =H925&"/"&I925&"/"&J925 -> HD/1989/2026 | D925: TRUE | E925: FALSE | F925: 46202 | H925: HD | I925: =I924+1 -> 1989 | J925: 2026
A926: =A925+1 -> 923 | B926: Headset | C926: =H926&"/"&I926&"/"&J926 -> HD/1990/2026 | D926: TRUE | E926: FALSE | F926: 46202 | H926: HD | I926: =I925+1 -> 1990 | J926: 2026
A927: =A926+1 -> 924 | B927: Headset | C927: =H927&"/"&I927&"/"&J927 -> HD/1991/2026 | D927: TRUE | E927: FALSE | F927: 46202 | H927: HD | I927: =I926+1 -> 1991 | J927: 2026
A928: =A927+1 -> 925 | B928: Headset | C928: =H928&"/"&I928&"/"&J928 -> HD/1992/2026 | D928: TRUE | E928: FALSE | F928: 46202 | H928: HD | I928: =I927+1 -> 1992 | J928: 2026
A929: =A928+1 -> 926 | B929: Headset | C929: =H929&"/"&I929&"/"&J929 -> HD/1993/2026 | D929: TRUE | E929: FALSE | F929: 46202 | H929: HD | I929: =I928+1 -> 1993 | J929: 2026
A930: =A929+1 -> 927 | B930: Headset | C930: =H930&"/"&I930&"/"&J930 -> HD/1994/2026 | D930: TRUE | E930: FALSE | F930: 46202 | H930: HD | I930: =I929+1 -> 1994 | J930: 2026
A931: =A930+1 -> 928 | B931: Headset | C931: =H931&"/"&I931&"/"&J931 -> HD/1995/2026 | D931: TRUE | E931: FALSE | F931: 46202 | H931: HD | I931: =I930+1 -> 1995 | J931: 2026
A932: =A931+1 -> 929 | B932: Headset | C932: =H932&"/"&I932&"/"&J932 -> HD/1996/2026 | D932: TRUE | E932: FALSE | F932: 46202 | H932: HD | I932: =I931+1 -> 1996 | J932: 2026
A933: =A932+1 -> 930 | B933: Headset | C933: =H933&"/"&I933&"/"&J933 -> HD/1997/2026 | D933: TRUE | E933: FALSE | F933: 46202 | H933: HD | I933: =I932+1 -> 1997 | J933: 2026
... A1001: =A1000+1 -> 998 | B1001: Headset | C1001: =H1001&"/"&I1001&"/"&J1001 -> HD/2065/2026 | D1001: TRUE | E1001: FALSE | F1001: 46220 | H1001: HD | I1001: =I1000+1 -> 2065 | J1001: 2026
A1002: =A1001+1 -> 999 | B1002: Headset | C1002: =H1002&"/"&I1002&"/"&J1002 -> // | D1002: FALSE | E1002: TRUE

Sheet HEADSET - INVENTARIS
A1: NO | B1: NAMA ASET | C1: NO INVENTARIS | D1: TERPAKAI | E1: RUSAK | F1: PERBAIKI | G1: KETERANGAN
A2: 1 | B2: Headset | C2: 225 | D2: TRUE | E2: FALSE | F2: FALSE
A3: =A2+1 -> 2 | B3: Headset | C3: 242 | D3: TRUE | E3: FALSE | F3: FALSE
A4: =A3+1 -> 3 | B4: Headset | C4: 280 | D4: TRUE | E4: FALSE | F4: FALSE
A5: =A4+1 -> 4 | B5: Headset | C5: 307 | D5: TRUE | E5: FALSE | F5: FALSE
A6: =A5+1 -> 5 | B6: Headset | C6: 341 | D6: TRUE | E6: FALSE | F6: FALSE
A7: =A6+1 -> 6 | B7: Headset | C7: 344 | D7: TRUE | E7: FALSE | F7: FALSE
A8: =A7+1 -> 7 | B8: Headset | C8: 357 | D8: TRUE | E8: FALSE | F8: FALSE
A9: =A8+1 -> 8 | B9: Headset | C9: 386 | D9: TRUE | E9: FALSE | F9: FALSE
A10: =A9+1 -> 9 | B10: Headset | C10: 402 | D10: TRUE | E10: FALSE | F10: FALSE
A11: =A10+1 -> 10 | B11: Headset | C11: 490 | D11: TRUE | E11: FALSE | F11: FALSE
A12: =A11+1 -> 11 | B12: Headset | C12: B9/290/136/2019 | D12: TRUE | E12: FALSE | F12: FALSE
A13: =A12+1 -> 12 | B13: Headset | C13: HD/0290/2023 | D13: TRUE | E13: FALSE | F13: FALSE
A14: =A13+1 -> 13 | B14: Headset | C14: HD/0332/2023 | D14: TRUE | E14: FALSE | F14: FALSE
A15: =A14+1 -> 14 | B15: Headset | C15: HD/0619/2023 | D15: TRUE | E15: FALSE | F15: FALSE
A16: =A15+1 -> 15 | B16: Headset | C16: HD/0656/2019 | D16: TRUE | E16: FALSE | F16: FALSE
A17: =A16+1 -> 16 | B17: Headset | C17: HD/0663/2019 | D17: TRUE | E17: FALSE | F17: FALSE
A18: =A17+1 -> 17 | B18: Headset | C18: HD/0901/2023 | D18: TRUE | E18: FALSE | F18: FALSE
A19: =A18+1 -> 18 | B19: Headset | C19: HD/0902/2022 | D19: TRUE | E19: FALSE | F19: FALSE
A20: =A19+1 -> 19 | B20: Headset | C20: HD/0902/2023 | D20: TRUE | E20: FALSE | F20: FALSE
A21: =A20+1 -> 20 | B21: Headset | C21: HD/0904/2023 | D21: TRUE | E21: FALSE | F21: FALSE
A22: =A21+1 -> 21 | B22: Headset | C22: HD/0904/2023 | D22: TRUE | E22: FALSE | F22: FALSE
A23: =A22+1 -> 22 | B23: Headset | C23: HD/0905/2023 | D23: TRUE | E23: FALSE | F23: FALSE
... A992: =A991+1 -> 991 | B992: Headset | C992: HD/1574/2025 | D992: TRUE | E992: FALSE | F992: FALSE

Sheet SELAIN PERANGKAT
A1: NO | B1: Nama Aset dan Barang | C1: Kode | D1: Keterangan
A2: B.2 | B2: Laptop | C2: B.2/0000/2019
A3: 1 | B3: Laptop Lenovo | C3: =E3&"/"&F3&"/"&G3 -> B.2/0001/2020 | E3: B.2 | F3: 0001 | G3: 2020
A4: =A3+1 -> 2 | B4: Laptop Lenovo | C4: =E4&"/"&F4&"/"&G4 -> B.2/0002/2020 | E4: B.2 | F4: 0002 | G4: 2020
A5: =A4+1 -> 3 | B5: Laptop Lenovo | C5: =E5&"/"&F5&"/"&G5 -> B.2/0003/2020 | E5: B.2 | F5: 0003 | G5: 2020
A6: =A5+1 -> 4 | B6: Laptop Lenovo | C6: =E6&"/"&F6&"/"&G6 -> B.2/0004/2020 | E6: B.2 | F6: 0004 | G6: 2020
A7: =A6+1 -> 5 | B7: Laptop Lenovo | C7: =E7&"/"&F7&"/"&G7 -> B.2/0005/2020 | E7: B.2 | F7: 0005 | G7: 2020
A8: =A7+1 -> 6 | B8: Laptop Lenovo | C8: =E8&"/"&F8&"/"&G8 -> B.2/0006/2020 | E8: B.2 | F8: 0006 | G8: 2020
A9: =A8+1 -> 7 | B9: Laptop Lenovo | C9: =E9&"/"&F9&"/"&G9 -> B.2/0007/2020 | E9: B.2 | F9: 0007 | G9: 2020
A10: =A9+1 -> 8 | B10: Laptop Lenovo | C10: =E10&"/"&F10&"/"&G10 -> B.2/0008/2020 | E10: B.2 | F10: 0008 | G10: 2020
A11: =A10+1 -> 9 | B11: Laptop Lenovo | C11: =E11&"/"&F11&"/"&G11 -> B.2/0009/2020 | E11: B.2 | F11: 0009 | G11: 2020
A12: =A11+1 -> 10 | B12: Laptop HP | C12: =E12&"/"&F12&"/"&G12 -> B.2/0010/2020 | E12: B.2 | F12: 0010 | G12: 2020
A13: =A12+1 -> 11 | B13: Laptop HP | C13: =E13&"/"&F13&"/"&G13 -> B.2/0011/2020 | E13: B.2 | F13: 0011 | G13: 2020
A14: =A13+1 -> 12 | B14: Laptop HP | C14: =E14&"/"&F14&"/"&G14 -> B.2/0012/2020 | E14: B.2 | F14: 0012 | G14: 2020
A15: =A14+1 -> 13 | B15: Laptop Lenovo ThinkPad | C15: =E15&"/"&F15&"/"&G15 -> B.2/0013/2020 | E15: B.2 | F15: 0013 | G15: 2020
... A64: =A63+1 -> 62 | B64: Laptop Dell | C64: =E64&"/"&F64&"/"&G64 -> B.2/0062/2020 | E64: B.2 | F64: 0062 | G64: 2020
A65: =A64+1 -> 63 | B65: Laptop Asus M415D | C65: =E65&"/"&F65&"/"&G65 -> B.2/0063/2023 | D65: Laptop Bu Dewi | E65: B.2 | F65: 0063 | G65: 2023
A66: =A65+1 -> 64 | B66: Laptop Asus Vivobook E1404F + Mouse R-One W170 | C66: =E66&"/"&F66&"/"&G66 -> B.2/0064/2023 | D66: Laptop + Mouse Bu Lia | E66: B.2 | F66: 0064 | G66: 2023
A67: =A66+1 -> 65 | B67: Laptop ROG Flow Z13 GZ301ZE | C67: =E67&"/"&F67&"/"&G67 -> B.2/0065/2024 | D67: Laptop Direktur | E67: B.2 | F67: 0065 | G67: 2024
A68: =A67+1 -> 66 | B68: Laptop Asus Vivobook S14 Flip | C68: =E68&"/"&F68&"/"&G68 -> B.2/0066/2024 | D68: Laptop Manager Collection | E68: B.2 | F68: 0066 | G68: 2024
A69: =A68+1 -> 67 | B69: Laptop Asus Vivobook 14 A1404ZA | C69: =E69&"/"&F69&"/"&G69 -> B.2/0067/2024 | D69: Laptop Manager Collection | E69: B.2 | F69: 0067 | G69: 2024
A70: =A69+1 -> 68 | B70: Laptop Asus Vivobook 14 A1404ZA | C70: =E70&"/"&F70&"/"&G70 -> B.2/0068/2024 | D70: Laptop Manager Collection | E70: B.2 | F70: 0068 | G70: 2024
A71: =A70+1 -> 69 | B71: Laptop Asus Vivobook 14 A1404ZA | C71: =E71&"/"&F71&"/"&G71 -> B.2/0069/2024 | D71: Laptop Manager Collection | E71: B.2 | F71: 0069 | G71: 2024
A72: =A71+1 -> 70 | B72: Laptop Asus Vivobook 14 A1404ZA | C72: =E72&"/"&F72&"/"&G72 -> B.2/0070/2024 | D72: Laptop Manager Collection | E72: B.2 | F72: 0070 | G72: 2024
A73: =A72+1 -> 71 | B73: Laptop Asus Vivobook 14 A1404ZA | C73: =E73&"/"&F73&"/"&G73 -> B.2/0071/2024 | D73: Laptop Manager Collection | E73: B.2 | F73: 0071 | G73: 2024
A74: =A73+1 -> 72 | B74: Laptop Asus Vivobook 14 A1404ZA | C74: =E74&"/"&F74&"/"&G74 -> B.2/0072/2024 | D74: Laptop Manager Collection | E74: B.2 | F74: 0072 | G74: 2024
A75: =A74+1 -> 73 | B75: Laptop Asus Vivobook 14 A1404ZA | C75: =E75&"/"&F75&"/"&G75 -> B.2/0073/2024 | D75: Laptop Manager Collection | E75: B.2 | F75: 0073 | G75: 2024
A76: =A75+1 -> 74 | B76: Laptop Asus Vivobook 14 A1404ZA | C76: =E76&"/"&F76&"/"&G76 -> B.2/0074/2024 | D76: Laptop Manager FC | E76: B.2 | F76: 0074 | G76: 2024
... A81: =A80+1 -> 79 | B81: Laptop Lenovo ThinkPad | C81: =E81&"/"&F81&"/"&G81 -> B.2/0079/2025 | D81: Inventaris ulang - GA | E81: B.2 | F81: 0079 | G81: 2025
A82: =A81+1 -> 80 | C82: =E82&"/"&F82&"/"&G82 -> B.2/0080/2025 | D82: Inventaris ulang | E82: B.2 | F82: 0080 | G82: 2025
A83: =A82+1 -> 81 | C83: =E83&"/"&F83&"/"&G83 -> B.2/0081/2025 | D83: Inventaris ulang | E83: B.2 | F83: 0081 | G83: 2025
A84: =A83+1 -> 82 | C84: =E84&"/"&F84&"/"&G84 -> B.2/0082/2025 | D84: Inventaris ulang | E84: B.2 | F84: 0082 | G84: 2025
A85: =A84+1 -> 83 | C85: =E85&"/"&F85&"/"&G85 -> B.2/0083/2025 | D85: Inventaris ulang | E85: B.2 | F85: 0083 | G85: 2025
A86: =A85+1 -> 84 | C86: =E86&"/"&F86&"/"&G86 -> B.2/0084/2025 | D86: Inventaris ulang | E86: B.2 | F86: 0084 | G86: 2025
A87: =A86+1 -> 85 | C87: =E87&"/"&F87&"/"&G87 -> B.2/0085/2025 | D87: Inventaris ulang | E87: B.2 | F87: 0085 | G87: 2025
A88: =A87+1 -> 86 | C88: =E88&"/"&F88&"/"&G88 -> B.2/0086/2025 | D88: Inventaris ulang | E88: B.2 | F88: 0086 | G88: 2025
A89: =A88+1 -> 87 | C89: =E89&"/"&F89&"/"&G89 -> B.2/0087/2025 | D89: Inventaris ulang | E89: B.2 | F89: 0087 | G89: 2025
A90: =A89+1 -> 88 | C90: =E90&"/"&F90&"/"&G90 -> B.2/0088/2025 | D90: Inventaris ulang | E90: B.2 | F90: 0088 | G90: 2025
A91: =A90+1 -> 89 | C91: =E91&"/"&F91&"/"&G91 -> B.2/0089/2025 | D91: Inventaris ulang | E91: B.2 | F91: 0089 | G91: 2025
A92: =A91+1 -> 90 | C92: =E92&"/"&F92&"/"&G92 -> B.2/0090/2025 | D92: Inventaris ulang | E92: B.2 | F92: 0090 | G92: 2025
A93: =A92+1 -> 91 | C93: =E93&"/"&F93&"/"&G93 -> B.2/0091/2025 | D93: Inventaris ulang | E93: B.2 | F93: 0091 | G93: 2025
... A102: =A101+1 -> 100 | C102: =E102&"/"&F102&"/"&G102 -> B.2/0100/2025 | D102: Inventaris ulang | E102: B.2 | F102: 0100 | G102: 2025
A108: NO | B108: Nama Aset dan Barang | C108: Kode | D108: Nama Pemakai
A109: B.10 | B109: CCTV | C109: B.10/0000/2019
A110: 1 | B110: CCTV | C110: =E110&"/"&F110&"/"&G110 -> B.10/0001/2019 | E110: B.10 | F110: 0001 | G110: 2019
A111: =A110+1 -> 2 | B111: CCTV | C111: =E111&"/"&F111&"/"&G111 -> B.10/0002/2019 | E111: B.10 | F111: 0002 | G111: 2019
A112: =A111+1 -> 3 | B112: CCTV | C112: =E112&"/"&F112&"/"&G112 -> B.10/0003/2019 | E112: B.10 | F112: 0003 | G112: 2019
A113: =A112+1 -> 4 | B113: CCTV | C113: =E113&"/"&F113&"/"&G113 -> B.10/0004/2019 | E113: B.10 | F113: 0004 | G113: 2019
A114: =A113+1 -> 5 | B114: CCTV | C114: =E114&"/"&F114&"/"&G114 -> B.10/0005/2019 | E114: B.10 | F114: 0005 | G114: 2019
A115: =A114+1 -> 6 | B115: CCTV | C115: =E115&"/"&F115&"/"&G115 -> B.10/0006/2019 | E115: B.10 | F115: 0006 | G115: 2019
A116: =A115+1 -> 7 | B116: CCTV | C116: =E116&"/"&F116&"/"&G116 -> B.10/0007/2019 | E116: B.10 | F116: 0007 | G116: 2019
A117: =A116+1 -> 8 | B117: CCTV | C117: =E117&"/"&F117&"/"&G117 -> B.10/0008/2019 | E117: B.10 | F117: 0008 | G117: 2019
A118: =A117+1 -> 9 | B118: CCTV | C118: =E118&"/"&F118&"/"&G118 -> B.10/0009/2019 | E118: B.10 | F118: 0009 | G118: 2019
A119: =A118+1 -> 10 | B119: CCTV | C119: =E119&"/"&F119&"/"&G119 -> B.10/0010/2019 | E119: B.10 | F119: 0010 | G119: 2019
A120: =A119+1 -> 11 | B120: CCTV | C120: =E120&"/"&F120&"/"&G120 -> B.10/0011/2019 | E120: B.10 | F120: 0011 | G120: 2019
A121: =A120+1 -> 12 | B121: CCTV | C121: =E121&"/"&F121&"/"&G121 -> B.10/0012/2019 | E121: B.10 | F121: 0012 | G121: 2019
A122: =A121+1 -> 13 | B122: CCTV | C122: =E122&"/"&F122&"/"&G122 -> B.10/0013/2019 | E122: B.10 | F122: 0013 | G122: 2019
... A145: =A144+1 -> 36 | B145: CCTV | C145: =E145&"/"&F145&"/"&G145 -> B.10/0036/2025 | E145: B.10 | F145: 0036 | G145: 2025
A151: NO | B151: Nama Aset dan Barang | C151: Kode | D151: Nama Pemakai
A152: B.11 | B152: Lain-lain | C152: B.11/0000/2019
A153: 1 | B153: Kulkas | C153: =E153&"/"&F153&"/"&G153 -> B.11/0001/2020 | E153: B.11 | F153: 0001 | G153: 2020
A154: =A153+1 -> 2 | B154: Kulkas | C154: =E154&"/"&F154&"/"&G154 -> B.11/0002/2022 | E154: B.11 | F154: 0002 | G154: 2022
A155: =A154+1 -> 3 | B155: Mic Ikrar | C155: =E155&"/"&F155&"/"&G155 -> B.11/0003/2020 | E155: B.11 | F155: 0003 | G155: 2020
A156: =A155+1 -> 4 | B156: Mic Ikrar | C156: =E156&"/"&F156&"/"&G156 -> B.11/0004/2020 | E156: B.11 | F156: 0004 | G156: 2020
A157: =A156+1 -> 5 | B157: Mic Ikrar | C157: =E157&"/"&F157&"/"&G157 -> B.11/0005/2020 | E157: B.11 | F157: 0005 | G157: 2020
A158: =A157+1 -> 6 | B158: Mic Masijd | C158: =E158&"/"&F158&"/"&G158 -> B.11/0006/2020 | E158: B.11 | F158: 0006 | G158: 2020
A159: =A158+1 -> 7 | B159: Mic Masijd | C159: =E159&"/"&F159&"/"&G159 -> B.11/0007/2020 | E159: B.11 | F159: 0007 | G159: 2020
A160: =A159+1 -> 8 | B160: Mic Masijd | C160: =E160&"/"&F160&"/"&G160 -> B.11/0008/2020 | E160: B.11 | F160: 0008 | G160: 2020
A161: =A160+1 -> 9 | B161: HandyTalky | C161: =E161&"/"&F161&"/"&G161 -> B.11/0009/2020 | E161: B.11 | F161: 0009 | G161: 2020
A162: =A161+1 -> 10 | B162: HandyTalky | C162: =E162&"/"&F162&"/"&G162 -> B.11/0010/2020 | E162: B.11 | F162: 0010 | G162: 2020
A163: =A162+1 -> 11 | B163: HandyTalky | C163: =E163&"/"&F163&"/"&G163 -> B.11/0011/2020 | E163: B.11 | F163: 0011 | G163: 2020
A164: =A163+1 -> 12 | B164: HandyTalky | C164: =E164&"/"&F164&"/"&G164 -> B.11/0012/2020 | E164: B.11 | F164: 0012 | G164: 2020
A165: =A164+1 -> 13 | B165: HandyTalky | C165: =E165&"/"&F165&"/"&G165 -> B.11/0013/2020 | E165: B.11 | F165: 0013 | G165: 2020
... A311: =A310+1 -> 159 | B311: Obeng 1 pack (10 Unit) | C311: =E311&"/"&F311&"/"&G311 -> B.11/0159/2023 | E311: B.11 | F311: 0159 | G311: 2023
A312: =A311+1 -> 160 | B312: PCI-Express Card | C312: =E312&"/"&F312&"/"&G312 -> B.11/0160/2023 | D312: 45147 | E312: B.11 | F312: 0160 | G312: 2023
A313: =A312+1 -> 161 | B313: PCI-Express Card | C313: =E313&"/"&F313&"/"&G313 -> B.11/0161/2023 | D313: 45147 | E313: B.11 | F313: 0161 | G313: 2023
A314: =A313+1 -> 162 | B314: PCI-Express Card | C314: =E314&"/"&F314&"/"&G314 -> B.11/0162/2023 | D314: 45147 | E314: B.11 | F314: 0162 | G314: 2023
A315: =A314+1 -> 163 | B315: Tang Krimping (Tang LAN) | C315: =E315&"/"&F315&"/"&G315 -> B.11/0163/2023 | D315: 45190 | E315: B.11 | F315: 0163 | G315: 2023
A316: =A315+1 -> 164 | B316: Charger Laptop Lenovo | C316: =E316&"/"&F316&"/"&G316 -> B.11/0164/2023 | D316: Charger Pak Yolanda(15/11/23) | E316: B.11 | F316: 0164 | G316: 2023
A317: =A316+1 -> 165 | B317: Penyedot debu | C317: =E317&"/"&F317&"/"&G317 -> B.11/0165/2023 | D317: Pembelian November 2023 | E317: B.11 | F317: 0165 | G317: 2023
A318: =A317+1 -> 166 | B318: Kulkas Aqua | C318: =E318&"/"&F318&"/"&G318 -> B.11/0166/2023 | D318: Pembelian November 2023 | E318: B.11 | F318: 0166 | G318: 2023
A319: =A318+1 -> 167 | B319: Kulkas Aqua | C319: =E319&"/"&F319&"/"&G319 -> B.11/0167/2023 | D319: Pembelian November 2023 | E319: B.11 | F319: 0167 | G319: 2023
A320: =A319+1 -> 168 | B320: Sanyo | C320: =E320&"/"&F320&"/"&G320 -> B.11/0168/2023 | D320: Pembelian November 2023 | E320: B.11 | F320: 0168 | G320: 2023
A321: =A320+1 -> 169 | B321: Exhaust | C321: =E321&"/"&F321&"/"&G321 -> B.11/0169/2023 | D321: Pembelian November 2023 | E321: B.11 | F321: 0169 | G321: 2023
A322: =A321+1 -> 170 | B322: Penyedot debu | C322: =E322&"/"&F322&"/"&G322 -> B.11/0170/2023 | D322: Pembelian Januari 2024 | E322: B.11 | F322: 0170 | G322: 2023
A323: =A322+1 -> 171 | B323: Penyedot debu | C323: =E323&"/"&F323&"/"&G323 -> B.11/0171/2023 | D323: Pembelian Januari 2024 | E323: B.11 | F323: 0171 | G323: 2023
A324: =A323+1 -> 172 | B324: Penyedot debu | C324: =E324&"/"&F324&"/"&G324 -> B.11/0172/2023 | D324: Pembelian Januari 2024 | E324: B.11 | F324: 0172 | G324: 2023
A325: =A324+1 -> 173 | B325: AC | C325: =E325&"/"&F325&"/"&G325 -> B.11/0173/2025 | D325: Pembelian Mei 2025 | E325: B.11 | F325: 0173 | G325: 2025
